timestamp,y_true_mOhm,y_pred_cl_mOhm
2022-07-07 00:49:01+00:00,1.1061178033192358,1.134354075270566
2022-07-07 00:49:02+00:00,1.1072344459775,1.1339242687508748
2022-07-07 00:49:03+00:00,1.1087526073829954,1.1334599709213067
2022-07-07 00:49:04+00:00,1.1105103731054171,1.133013571853899
2022-07-07 00:49:05+00:00,1.112330516572061,1.1326299390374945
2022-07-07 00:49:06+00:00,1.114036472831344,1.1323424540136626
2022-07-07 00:49:07+00:00,1.115467855749781,1.1321701986281543
2022-07-07 00:49:08+00:00,1.1164938539228235,1.1321165253360062
2022-07-07 00:49:09+00:00,1.1170231052746034,1.132169120004391
2022-07-07 00:49:10+00:00,1.117009198043112,1.1323015314784624
2022-07-07 00:49:11+00:00,1.11645153707321,1.132476011746168
2022-07-07 00:49:12+00:00,1.115391785990813,1.132647395338075
2022-07-07 00:49:13+00:00,1.1139065044287673,1.1327676566452967
2022-07-07 00:49:14+00:00,1.1120970353347155,1.132790726819893
2022-07-07 00:49:15+00:00,1.1100780763254678,1.132677132540486
2022-07-07 00:49:16+00:00,1.1079665017250566,1.1323980385156265
2022-07-07 00:49:17+00:00,1.1058717817305843,1.1319383320410428
2022-07-07 00:49:18+00:00,1.1038888144856442,1.131298475876654
2022-07-07 00:49:19+00:00,1.1020933109683089,1.1304949670916156
2022-07-07 00:49:20+00:00,1.1005392974456123,1.1295593642808817
2022-07-07 00:49:21+00:00,1.0992580516492645,1.1285359725456288
2022-07-07 00:49:22+00:00,1.0982579225964166,1.127478393626842
2022-07-07 00:49:23+00:00,1.0975248340745736,1.126445247264942
2022-07-07 00:49:24+00:00,1.097023587416366,1.1254954407118982
2022-07-07 00:49:25+00:00,1.0967002056135136,1.124683400366501
2022-07-07 00:49:26+00:00,1.096485492105684,1.1240546797978475
2022-07-07 00:49:27+00:00,1.0962998129845511,1.1236423222934122
2022-07-07 00:49:28+00:00,1.0960589673197152,1.1234642870486875
2022-07-07 00:49:29+00:00,1.0956809115148576,1.123522152599651
2022-07-07 00:49:30+00:00,1.0950929829191487,1.123801197751179
2022-07-07 00:49:31+00:00,1.094239084767362,1.1242718392212627
2022-07-07 00:49:32+00:00,1.0930860909746472,1.1248922872240166
2022-07-07 00:49:33+00:00,1.09162859086276,1.1256121755994017
2022-07-07 00:49:34+00:00,1.0898911240466478,1.1263768409260575
2022-07-07 00:49:35+00:00,1.08792733830424,1.1271318723184955
2022-07-07 00:49:36+00:00,1.0858160064821178,1.1278275346402855
2022-07-07 00:49:37+00:00,1.083654394414688,1.1284226839720775
2022-07-07 00:49:38+00:00,1.081549893254221,1.128887843566331
2022-07-07 00:49:39+00:00,1.0796110106344907,1.1292071864958115
2022-07-07 00:49:40+00:00,1.0779387538188046,1.1293792705884143
2022-07-07 00:49:41+00:00,1.0766192404250805,1.129416483054
2022-07-07 00:49:42+00:00,1.0757181836580494,1.1293432664663408
2022-07-07 00:49:43+00:00,1.0752777509922329,1.1291933043710862
2022-07-07 00:49:44+00:00,1.075316059840546,1.1290059344351149
2022-07-07 00:49:45+00:00,1.075829133395024,1.1288221220128154
2022-07-07 00:49:46+00:00,1.0767945915207076,1.1286803618168433
2022-07-07 00:49:47+00:00,1.0781759787107057,1.1286128772960302
2022-07-07 00:49:48+00:00,1.0799266496268238,1.1286424565222748
2022-07-07 00:49:49+00:00,1.081992505963663,1.1287802029357097
2022-07-07 00:49:50+00:00,1.084313387563368,1.1290243948411864
2022-07-07 00:49:51+00:00,1.0868233604312667,1.1293605467961776
2022-07-07 00:49:52+00:00,1.0894504432482697,1.129762658046229
2022-07-07 00:49:53+00:00,1.0921165065146885,1.130195527559966
2022-07-07 00:49:54+00:00,1.0947381628336534,1.130617921294679
2022-07-07 00:49:55+00:00,1.0972293236407884,1.1309863032641085
2022-07-07 00:49:56+00:00,1.0995056187433578,1.1312587941262282
2022-07-07 00:49:57+00:00,1.1014901620891215,1.131399003329343
2022-07-07 00:49:58+00:00,1.1031195192827288,1.1313793946174515
2022-07-07 00:49:59+00:00,1.1043485084240845,1.1311838883827643
2022-07-07 00:50:00+00:00,1.105152730335467,1.130809473823265
2022-07-07 00:50:01+00:00,1.1055283084036376,1.1302666927428744
2022-07-07 00:50:02+00:00,1.1054889879699716,1.1295789571001926
2022-07-07 00:50:03+00:00,1.105061347927612,1.1287807651237831
2022-07-07 00:50:04+00:00,1.104279323909658,1.1279149768960433
2022-07-07 00:50:05+00:00,1.1031794396118708,1.1270293913667213
2022-07-07 00:50:06+00:00,1.1017979897269266,1.1261729258013866
2022-07-07 00:50:07+00:00,1.1001708800900434,1.1253917307192123
2022-07-07 00:50:08+00:00,1.0983360216912244,1.124725575875495
2022-07-07 00:50:09+00:00,1.0963373433845325,1.124204815872656
2022-07-07 00:50:10+00:00,1.0942288952620547,1.123848190208969
2022-07-07 00:50:11+00:00,1.092077339335471,1.123661636999939
2022-07-07 00:50:12+00:00,1.0899614497170775,1.1236382091046198
2022-07-07 00:50:13+00:00,1.0879680311840398,1.1237590840737939
2022-07-07 00:50:14+00:00,1.0861847017476898,1.1239955638407806
2022-07-07 00:50:15+00:00,1.084690941026458,1.1243118747812122
2022-07-07 00:50:16+00:00,1.083549351403045,1.1246685110725934
2022-07-07 00:50:17+00:00,1.0827989892636056,1.1250258199580225
2022-07-07 00:50:18+00:00,1.0824519067066471,1.1253475102126949
2022-07-07 00:50:19+00:00,1.082493011545617,1.1256037760597823
2022-07-07 00:50:20+00:00,1.082882493898565,1.125773766714804
2022-07-07 00:50:21+00:00,1.0835597531772283,1.1258471930209357
2022-07-07 00:50:22+00:00,1.0844479990825493,1.1258249416181714
2022-07-07 00:50:23+00:00,1.0854591702919238,1.125718656612398
2022-07-07 00:50:24+00:00,1.0864991488805769,1.1255493407670956
2022-07-07 00:50:25+00:00,1.087473290570449,1.125345114681418
2022-07-07 00:50:26+00:00,1.0882921002224728,1.1251383456745963
2022-07-07 00:50:27+00:00,1.0888766191143795,1.1249624118398431
2022-07-07 00:50:28+00:00,1.0891629375976872,1.1248483964194005
2022-07-07 00:50:29+00:00,1.0891053303961244,1.1248220109126712
2022-07-07 00:50:30+00:00,1.0886778146893603,1.1249010221435036
2022-07-07 00:50:31+00:00,1.0878742999927928,1.125093411195643
2022-07-07 00:50:32+00:00,1.0867077601343644,1.125396425097149
2022-07-07 00:50:33+00:00,1.085208913688793,1.1257966015091463
2022-07-07 00:50:34+00:00,1.083424745169619,1.1262707597032156
2022-07-07 00:50:35+00:00,1.0814169063811698,1.1267878655334551
2022-07-07 00:50:36+00:00,1.0792597280436356,1.1273116014617035
2022-07-07 00:50:37+00:00,1.0770373768750217,1.127803411652785
2022-07-07 00:50:38+00:00,1.0748397174201678,1.1282257519534251
2022-07-07 00:50:39+00:00,1.0727567423884308,1.1285452585469649
2022-07-07 00:50:40+00:00,1.0708719787190366,1.1287355584146237
2022-07-07 00:50:41+00:00,1.0692558553137514,1.1287794783643579
2022-07-07 00:50:42+00:00,1.0679603538214892,1.1286704641119354
2022-07-07 00:50:43+00:00,1.067016156534515,1.1284130916906494
2022-07-07 00:50:44+00:00,1.0664328996714472,1.128022633935824
2022-07-07 00:50:45+00:00,1.0662022176628898,1.127523727759201
2022-07-07 00:50:46+00:00,1.066302462171553,1.1269482660699228
2022-07-07 00:50:47+00:00,1.066703643169682,1.1263327046857907
2022-07-07 00:50:48+00:00,1.0673712360195784,1.125715023679136
2022-07-07 00:50:49+00:00,1.0682678952558051,1.125131610173809
2022-07-07 00:50:50+00:00,1.069352847751342,1.1246143334495535
2022-07-07 00:50:51+00:00,1.070579743688123,1.1241880632260455
2022-07-07 00:50:52+00:00,1.0718945969321565,1.1238688401988277
2022-07-07 00:50:53+00:00,1.0732355893607446,1.1236628481915873
2022-07-07 00:50:54+00:00,1.07453573925349,1.1235662651187777
2022-07-07 00:50:55+00:00,1.075728142403819,1.123565991805763
2022-07-07 00:50:56+00:00,1.0767524344558852,1.1236411805357402
2022-07-07 00:50:57+00:00,1.0775607810728585,1.123765415771164
2022-07-07 00:50:58+00:00,1.0781220158062,1.1239093438655336
2022-07-07 00:50:59+00:00,1.0784231982034451,1.1240435114943228
2022-07-07 00:51:00+00:00,1.0784686050969556,1.1241411570625728
2022-07-07 00:51:01+00:00,1.078276795706772,1.1241807066249412
2022-07-07 00:51:02+00:00,1.0778767187340326,1.1241477549981584
2022-07-07 00:51:03+00:00,1.077303774979828,1.1240363609535766
2022-07-07 00:51:04+00:00,1.07659640861854,1.1238495481945712
2022-07-07 00:51:05+00:00,1.0757934195492338,1.1235989755534705
2022-07-07 00:51:06+00:00,1.0749319844213003,1.1233038140615466
2022-07-07 00:51:07+00:00,1.0740463416851087,1.1229889386759693
2022-07-07 00:51:08+00:00,1.0731671177562447,1.1226826023399177
2022-07-07 00:51:09+00:00,1.0723213478564535,1.1224138045223464
2022-07-07 00:51:10+00:00,1.0715333909582334,1.122209591661172
2022-07-07 00:51:11+00:00,1.0708269422390684,1.12209253097773
2022-07-07 00:51:12+00:00,1.0702279744535408,1.122078581794362
2022-07-07 00:51:13+00:00,1.0697678442698058,1.1221755515108918
2022-07-07 00:51:14+00:00,1.0694854293785443,1.1223822702339932
2022-07-07 00:51:15+00:00,1.0694272624228185,1.1226885535529139
2022-07-07 00:51:16+00:00,1.0696450554682573,1.1230759529138516
2022-07-07 00:51:17+00:00,1.0701905317730418,1.1235192236919707
2022-07-07 00:51:18+00:00,1.0711080346239057,1.123988378500329
2022-07-07 00:51:19+00:00,1.0724259693587646,1.1244511429547253
2022-07-07 00:51:20+00:00,1.0741486363902433,1.1248755973455042
2022-07-07 00:51:21+00:00,1.0762501887528702,1.1252327732628928
2022-07-07 00:51:22+00:00,1.078672118111213,1.125498980258388
2022-07-07 00:51:23+00:00,1.0813249283021518,1.125657663366608
2022-07-07 00:51:24+00:00,1.0840938277362304,1.1257006352968626
2022-07-07 00:51:25+00:00,1.086847647124035,1.1256285833747346
2022-07-07 00:51:26+00:00,1.089449820677821,1.1254508157844372
2022-07-07 00:51:27+00:00,1.0917700862691353,1.125184278575512
2022-07-07 00:51:28+00:00,1.093695526125358,1.124851938339312
2022-07-07 00:51:29+00:00,1.09513971396502,1.1244806798847313
2022-07-07 00:51:30+00:00,1.0960490900190776,1.124098908953247
2022-07-07 00:51:31+00:00,1.0964061782854595,1.1237340735713324
2022-07-07 00:51:32+00:00,1.096229684243656,1.1234103221509322
2022-07-07 00:51:33+00:00,1.095571695501376,1.1231465017206133
2022-07-07 00:51:34+00:00,1.0945122077329723,1.122954667203002
2022-07-07 00:51:35+00:00,1.0931512616120294,1.1228392254972859
2022-07-07 00:51:36+00:00,1.0915992990166603,1.1227967805907288
2022-07-07 00:51:37+00:00,1.0899668373167093,1.1228166831918314
2022-07-07 00:51:38+00:00,1.0883548622220136,1.1228822260356224
2022-07-07 00:51:39+00:00,1.0868471539741495,1.122972369551829
2022-07-07 00:51:40+00:00,1.0855051495094383,1.1230638369270365
2022-07-07 00:51:41+00:00,1.0843652742730867,1.1231333866469364
2022-07-07 00:51:42+00:00,1.0834383341638372,1.123160056951005
2022-07-07 00:51:43+00:00,1.082710684314426,1.1231271812947634
2022-07-07 00:51:44+00:00,1.0821472988417724,1.1230239962937083
2022-07-07 00:51:45+00:00,1.081697134522044,1.1228467015613408
2022-07-07 00:51:46+00:00,1.081300956530636,1.1225988808446479
2022-07-07 00:51:47+00:00,1.0809010817676945,1.122291251369792
2022-07-07 00:51:48+00:00,1.0804516685593644,1.1219407681875402
2022-07-07 00:51:49+00:00,1.0799276916948348,1.1215691672443562
2022-07-07 00:51:50+00:00,1.0793308223443765,1.1212010799062446
2022-07-07 00:51:51+00:00,1.078691015011619,1.1208618884835042
2022-07-07 00:51:52+00:00,1.0780634365298134,1.1205755138173565
2022-07-07 00:51:53+00:00,1.077521232512312,1.1203623304467634
2022-07-07 00:51:54+00:00,1.0771454151225015,1.1202373920495732
2022-07-07 00:51:55+00:00,1.077013757789046,1.120209121045952
2022-07-07 00:51:56+00:00,1.0771907684150002,1.1202785741589665
2022-07-07 00:51:57+00:00,1.0777204174662631,1.120439344186291
2022-07-07 00:51:58+00:00,1.0786224288834556,1.1206781018813698
2022-07-07 00:51:59+00:00,1.0798919374724871,1.1209757256827773
2022-07-07 00:52:00+00:00,1.0815015399614674,1.121308916009992
2022-07-07 00:52:01+00:00,1.0834044387585111,1.1216521494028109
2022-07-07 00:52:02+00:00,1.0855375039512172,1.1219797994717706
2022-07-07 00:52:03+00:00,1.0878235006016304,1.1222682388072298
2022-07-07 00:52:04+00:00,1.0901722635461917,1.1224977396356792
2022-07-07 00:52:05+00:00,1.0924811597349562,1.1226540106242306
2022-07-07 00:52:06+00:00,1.094635728113567,1.122729240927075
2022-07-07 00:52:07+00:00,1.0965118187673335,1.1227225672292271
2022-07-07 00:52:08+00:00,1.0979805872688475,1.1226399311271764
2022-07-07 00:52:09+00:00,1.098917059631028,1.1224933480791304
2022-07-07 00:52:10+00:00,1.099211759500618,1.1222996605897173
2022-07-07 00:52:11+00:00,1.098783636147081,1.1220788927618186
2022-07-07 00:52:12+00:00,1.097591851968479,1.1218523570084633
2022-07-07 00:52:13+00:00,1.09564408155863,1.121640683719465
2022-07-07 00:52:14+00:00,1.0929996577390009,1.121461949402947
2022-07-07 00:52:15+00:00,1.0897669159076089,1.121330068016455
2022-07-07 00:52:16+00:00,1.0860952187882047,1.1212535849829057
2022-07-07 00:52:17+00:00,1.0821630987821682,1.1212349761290186
2022-07-07 00:52:18+00:00,1.078164388221356,1.121270507900715
2022-07-07 00:52:19+00:00,1.0742939728592842,1.1213506648388907
2022-07-07 00:52:20+00:00,1.070734139347886,1.1214610999307855
2022-07-07 00:52:21+00:00,1.0676418738043822,1.1215840175311158
2022-07-07 00:52:22+00:00,1.0651373044769932,1.1216998610797233
2022-07-07 00:52:23+00:00,1.063293850091598,1.1217891520487828
2022-07-07 00:52:24+00:00,1.062131264117439,1.1218343145902756
2022-07-07 00:52:25+00:00,1.0616131805240714,1.1218213231395555
2022-07-07 00:52:26+00:00,1.0616505794460132,1.1217410273696153
2022-07-07 00:52:27+00:00,1.062111724958276,1.1215900387276352
2022-07-07 00:52:28+00:00,1.0628378460774577,1.1213711025620856
2022-07-07 00:52:29+00:00,1.0636625838773686,1.1210929259579954
2022-07-07 00:52:30+00:00,1.0644323973264722,1.1207694797109136
2022-07-07 00:52:31+00:00,1.0650248744014188,1.120418839104745
2022-07-07 00:52:32+00:00,1.0653622267399752,1.120061668259395
2022-07-07 00:52:33+00:00,1.0654180760418293,1.1197194833068098
2022-07-07 00:52:34+00:00,1.0652168184625306,1.1194128479460015
2022-07-07 00:52:35+00:00,1.0648261331012738,1.1191596595277484
2022-07-07 00:52:36+00:00,1.0643442861884158,1.1189736744581524
2022-07-07 00:52:37+00:00,1.0638845376236072,1.1188633993502342
2022-07-07 00:52:38+00:00,1.0635590947479527,1.1188314410930043
2022-07-07 00:52:39+00:00,1.0634647406819433,1.11887436788564
2022-07-07 00:52:40+00:00,1.0636716405794395,1.1189830880000924
2022-07-07 00:52:41+00:00,1.0642160927853923,1.1191437076172817
2022-07-07 00:52:42+00:00,1.0650973403257291,1.1193387875294052
2022-07-07 00:52:43+00:00,1.0662781278304436,1.1195488844318129
2022-07-07 00:52:44+00:00,1.0676885178238964,1.1197542388642439
2022-07-07 00:52:45+00:00,1.0692324909009994,1.119936460578148
2022-07-07 00:52:46+00:00,1.070796842144556,1.1200800640686617
2022-07-07 00:52:47+00:00,1.0722616654580912,1.1201737219051424
2022-07-07 00:52:48+00:00,1.0735113709222708,1.1202111298753705
2022-07-07 00:52:49+00:00,1.0744449953864448,1.1201914133809843
2022-07-07 00:52:50+00:00,1.0749846825092344,1.120119045769498
2022-07-07 00:52:51+00:00,1.075081514630556,1.120003292665426
2022-07-07 00:52:52+00:00,1.0747182389376275,1.1198572380243055
2022-07-07 00:52:53+00:00,1.0739088156942735,1.1196964839246006
2022-07-07 00:52:54+00:00,1.0726951229173722,1.1195376438904991
2022-07-07 00:52:55+00:00,1.0711415132040507,1.119396766443438
2022-07-07 00:52:56+00:00,1.0693281326110198,1.1192878302346263
2022-07-07 00:52:57+00:00,1.0673439131666165,1.1192214442319304
2022-07-07 00:52:58+00:00,1.065279935524576,1.1192038668472923
2022-07-07 00:52:59+00:00,1.063223489263091,1.11923642844421
2022-07-07 00:53:00+00:00,1.0612527934137552,1.1193154050580574
2022-07-07 00:53:01+00:00,1.0594321873622825,1.1194323506981831
2022-07-07 00:53:02+00:00,1.0578077670278176,1.1195748548893278
2022-07-07 00:53:03+00:00,1.056403829650754,1.1197276547454806
2022-07-07 00:53:04+00:00,1.055220875261272,1.1198740001148744
2022-07-07 00:53:05+00:00,1.054236059533576,1.119997148837431
2022-07-07 00:53:06+00:00,1.0534067535163807,1.1200818587197652
2022-07-07 00:53:07+00:00,1.0526772342490085,1.120115744268491
2022-07-07 00:53:08+00:00,1.0519876828301,1.120090379285942
2022-07-07 00:53:09+00:00,1.0512839418286668,1.1200020498568004
2022-07-07 00:53:10+00:00,1.0505262029319045,1.1198520938722716
2022-07-07 00:53:11+00:00,1.0496950472671291,1.119646800182686
2022-07-07 00:53:12+00:00,1.0487939064887066,1.119396879431541
2022-07-07 00:53:13+00:00,1.0478478296302258,1.119116556151282
2022-07-07 00:53:14+00:00,1.0468991764859978,1.1188223645020923
2022-07-07 00:53:15+00:00,1.0460012879803835,1.1185317552677656
2022-07-07 00:53:16+00:00,1.045211261570551,1.1182616372411023
2022-07-07 00:53:17+00:00,1.0445828401106534,1.1180269806665246
2022-07-07 00:53:18+00:00,1.0441602639832694,1.1178396036714895
2022-07-07 00:53:19+00:00,1.0439737567622114,1.117707245318484
2022-07-07 00:53:20+00:00,1.044037068379091,1.1176330026769143
2022-07-07 00:53:21+00:00,1.044347190972021,1.1176151765503208
2022-07-07 00:53:22+00:00,1.044886040257307,1.1176475341510745
2022-07-07 00:53:23+00:00,1.0456236193102046,1.1177199603291144
2022-07-07 00:53:24+00:00,1.0465220219972435,1.1178194351672481
2022-07-07 00:53:25+00:00,1.0475396273769635,1.11793124779896
2022-07-07 00:53:26+00:00,1.048634943123201,1.118040336586656
2022-07-07 00:53:27+00:00,1.0497696983969336,1.1181326359693116
2022-07-07 00:53:28+00:00,1.050910925034397,1.11819631111056
2022-07-07 00:53:29+00:00,1.0520319191035956,1.1182227727668894
2022-07-07 00:53:30+00:00,1.053112172584031,1.1182073854458692
2022-07-07 00:53:31+00:00,1.0541365691222784,1.1181498100175167
2022-07-07 00:53:32+00:00,1.0550942426218326,1.1180539549232607
2022-07-07 00:53:33+00:00,1.0559774398832775,1.1179275450370674
2022-07-07 00:53:34+00:00,1.0567805636017031,1.1177813509733605
2022-07-07 00:53:35+00:00,1.0574994117010736,1.1176281512425776
2022-07-07 00:53:36+00:00,1.0581305364288776,1.1174815225587404
2022-07-07 00:53:37+00:00,1.0586706172196745,1.1173545678527175
2022-07-07 00:53:38+00:00,1.059115768642487,1.1172586959714694
2022-07-07 00:53:39+00:00,1.0594608061412796,1.1172025613570091
2022-07-07 00:53:40+00:00,1.0596986439250065,1.1171912568033446
2022-07-07 00:53:41+00:00,1.0598201094524926,1.1172258291217834
2022-07-07 00:53:42+00:00,1.0598144503062343,1.1173031583383832
2022-07-07 00:53:43+00:00,1.059670679833289,1.1174162085377104
2022-07-07 00:53:44+00:00,1.0593797014534423,1.1175546255546438
2022-07-07 00:53:45+00:00,1.0589369383720948,1.1177056263071927
2022-07-07 00:53:46+00:00,1.05834506266096,1.1178550993145846
2022-07-07 00:53:47+00:00,1.0576163896161324,1.1179888180309696
2022-07-07 00:53:48+00:00,1.0567745030088551,1.1180936595523068
2022-07-07 00:53:49+00:00,1.0558546407060412,1.1181587217342268
2022-07-07 00:53:50+00:00,1.0549023627080694,1.1181762416546972
2022-07-07 00:53:51+00:00,1.0539701833034545,1.1181422367015499
2022-07-07 00:53:52+00:00,1.0531122320105877,1.1180568146608951
2022-07-07 00:53:53+00:00,1.0523775117968726,1.1179241287501203
2022-07-07 00:53:54+00:00,1.051802773848604,1.1177519849295616
2022-07-07 00:53:55+00:00,1.0514063077049989,1.1175511392574211
2022-07-07 00:53:56+00:00,1.051183993041244,1.1173343498531605
2022-07-07 00:53:57+00:00,1.0511087216486483,1.1171152688826482
2022-07-07 00:53:58+00:00,1.051133766444146,1.116907273098931
2022-07-07 00:53:59+00:00,1.051199919206314,1.1167223357898397
2022-07-07 00:54:00+00:00,1.051245352235969,1.1165700382084063
2022-07-07 00:54:01+00:00,1.0512163554683176,1.1164568052089845
2022-07-07 00:54:02+00:00,1.0510766593343372,1.1163854291462074
2022-07-07 00:54:03+00:00,1.0508132661719245,1.1163549200118705
2022-07-07 00:54:04+00:00,1.050437570521095,1.1163606906405932
2022-07-07 00:54:05+00:00,1.0499816849027197,1.1163950562083151
2022-07-07 00:54:06+00:00,1.0494908702136574,1.1164479997918475
2022-07-07 00:54:07+00:00,1.0490135866275585,1.1165081328498243
2022-07-07 00:54:08+00:00,1.0485909498149413,1.116563763096895
2022-07-07 00:54:09+00:00,1.0482473852067753,1.1166039737503133
2022-07-07 00:54:10+00:00,1.0479840613757287,1.116619618197515
2022-07-07 00:54:11+00:00,1.0477762487767943,1.1166041426695017
2022-07-07 00:54:12+00:00,1.047575112017357,1.116554165667136
2022-07-07 00:54:13+00:00,1.047313711864086,1.1164697651714524
2022-07-07 00:54:14+00:00,1.0469163331092863,1.116354451046116
2022-07-07 00:54:15+00:00,1.0463097750922394,1.1162148281415551
2022-07-07 00:54:16+00:00,1.045434961414199,1.1160599829395055
2022-07-07 00:54:17+00:00,1.044257130286521,1.1159006507308078
2022-07-07 00:54:18+00:00,1.042772961620812,1.1157482391997915
2022-07-07 00:54:19+00:00,1.0410133396469747,1.1156137962832553
2022-07-07 00:54:20+00:00,1.039041097798671,1.1155070142922026
2022-07-07 00:54:21+00:00,1.0369439542031422,1.115435358245654
2022-07-07 00:54:22+00:00,1.034823702708614,1.115403394605788
2022-07-07 00:54:23+00:00,1.0327834073924762,1.1154123782363408
2022-07-07 00:54:24+00:00,1.0309147251959907,1.115460132116801
2022-07-07 00:54:25+00:00,1.0292873704572252,1.115541228235527
2022-07-07 00:54:26+00:00,1.0279421013517032,1.1156474514848365
2022-07-07 00:54:27+00:00,1.0268877540515118,1.1157685036395053
2022-07-07 00:54:28+00:00,1.026102184581976,1.115892883778568
2022-07-07 00:54:29+00:00,1.0255366372717285,1.1160088665943073
2022-07-07 00:54:30+00:00,1.0251228867134292,1.1161054921777416
2022-07-07 00:54:31+00:00,1.024782338853358,1.1161734806976686
2022-07-07 00:54:32+00:00,1.0244361297086428,1.116205992838132
2022-07-07 00:54:33+00:00,1.02401519441773,1.1161991711940478
2022-07-07 00:54:34+00:00,1.0234693123960874,1.116152417714287
2022-07-07 00:54:35+00:00,1.022774242655568,1.1160683859176443
2022-07-07 00:54:36+00:00,1.0219362121877664,1.1159526918700335
2022-07-07 00:54:37+00:00,1.0209931818783364,1.115813372559553
2022-07-07 00:54:38+00:00,1.0200125062764094,1.1156601421754406
2022-07-07 00:54:39+00:00,1.0190848912264752,1.115503513990138
2022-07-07 00:54:40+00:00,1.0183149847246258,1.1153538665949363
2022-07-07 00:54:41+00:00,1.0178094825229629,1.115220537239476
2022-07-07 00:54:42+00:00,1.0176641764176333,1.1151110216948756
2022-07-07 00:54:43+00:00,1.0179517475607394,1.1150303497694702
2022-07-07 00:54:44+00:00,1.0187121624508169,1.1149806893345466
2022-07-07 00:54:45+00:00,1.0199472287241391,1.114961210961603
2022-07-07 00:54:46+00:00,1.021620255629982,1.114968221908749
2022-07-07 00:54:47+00:00,1.0236609142825586,1.114995554308757
2022-07-07 00:54:48+00:00,1.0259744775353603,1.115035170116159
2022-07-07 00:54:49+00:00,1.0284539083987343,1.1150779266150086
2022-07-07 00:54:50+00:00,1.0309929253697905,1.115114432689811
2022-07-07 00:54:51+00:00,1.0334981520774549,1.1151359187657
2022-07-07 00:54:52+00:00,1.0358986471496732,1.1151350429089428
2022-07-07 00:54:53+00:00,1.038151504640959,1.115106562011332
2022-07-07 00:54:54+00:00,1.0402428657145557,1.1150478096247025
2022-07-07 00:54:55+00:00,1.0421845387184228,1.1149589396864072
2022-07-07 00:54:56+00:00,1.0440072779603196,1.114842916473143
2022-07-07 00:54:57+00:00,1.045752338018863,1.1147052537438094
2022-07-07 00:54:58+00:00,1.0474630087892989,1.11455352817148
2022-07-07 00:54:59+00:00,1.0491774530710436,1.11439671187254
2022-07-07 00:55:00+00:00,1.05092350553515,1.1142443844040921
2022-07-07 00:55:01+00:00,1.052715475319652,1.114105894688134
2022-07-07 00:55:02+00:00,1.054552746226529,1.1139895470981254
2022-07-07 00:55:03+00:00,1.056420119371622,1.1139018831404501
2022-07-07 00:55:04+00:00,1.0582900290130537,1.1138471210926557
2022-07-07 00:55:05+00:00,1.060126599542205,1.1138268014842108
2022-07-07 00:55:06+00:00,1.0618910248279194,1.1138396677534714
2022-07-07 00:55:07+00:00,1.063547290710966,1.113881790461977
2022-07-07 00:55:08+00:00,1.0650671166294745,1.1139469219640228
2022-07-07 00:55:09+00:00,1.06643322247593,1.1140270483134331
2022-07-07 00:55:10+00:00,1.0676405216199267,1.1141130881985823
2022-07-07 00:55:11+00:00,1.068695381031859,1.1141956762957537
2022-07-07 00:55:12+00:00,1.0696134516519125,1.114265961665375
2022-07-07 00:55:13+00:00,1.0704166842868628,1.1143163512237888
2022-07-07 00:55:14+00:00,1.071130089009455,1.1143411338938893
2022-07-07 00:55:15+00:00,1.0717786789648884,1.1143369322171852
2022-07-07 00:55:16+00:00,1.0723849293597765,1.1143029439552024
2022-07-07 00:55:17+00:00,1.072966988245863,1.1142409550855332
2022-07-07 00:55:18+00:00,1.0735377760168932,1.1141551259119682
2022-07-07 00:55:19+00:00,1.0741050139118096,1.1140515719545656
2022-07-07 00:55:20+00:00,1.074672147125434,1.1139377791106873
2022-07-07 00:55:21+00:00,1.0752400308217205,1.1138219067334898
2022-07-07 00:55:22+00:00,1.0758090806378082,1.1137120415508908
2022-07-07 00:55:23+00:00,1.0763814359843602,1.1136154689789435
2022-07-07 00:55:24+00:00,1.0769626933424916,1.1135380261075607
2022-07-07 00:55:25+00:00,1.077562939046694,1.1134835927157039
2022-07-07 00:55:26+00:00,1.0781969748342686,1.1134537638644255
2022-07-07 00:55:27+00:00,1.078883670279472,1.113447731099499
2022-07-07 00:55:28+00:00,1.0796443738112762,1.1134623805655492
2022-07-07 00:55:29+00:00,1.0805003834105908,1.113492597065091
2022-07-07 00:55:30+00:00,1.0814696049985535,1.1135317449935478
2022-07-07 00:55:31+00:00,1.0825626362707326,1.1135722817297151
2022-07-07 00:55:32+00:00,1.0837785826722666,1.1136064477861742
2022-07-07 00:55:33+00:00,1.0851009675192422,1.1136269717787706
2022-07-07 00:55:34+00:00,1.0864942002518003,1.1136277275583268
2022-07-07 00:55:35+00:00,1.0879012636509031,1.1136042856685129
2022-07-07 00:55:36+00:00,1.0892434844199008,1.1135543111703436
2022-07-07 00:55:37+00:00,1.090423226888008,1.113477773884411
2022-07-07 00:55:38+00:00,1.0913299489864552,1.1133769539698424
2022-07-07 00:55:39+00:00,1.0918494159358392,1.113256243968378
2022-07-07 00:55:40+00:00,1.0918752549668682,1.1131217663742177
2022-07-07 00:55:41+00:00,1.0913215960554508,1.1129808418675478
2022-07-07 00:55:42+00:00,1.0901352384728682,1.1128413561735555
2022-07-07 00:55:43+00:00,1.0883055633901355,1.1127110819817403
2022-07-07 00:55:44+00:00,1.0858703793611768,1.112597015779516
2022-07-07 00:55:45+00:00,1.0829162486272177,1.11250478756897
2022-07-07 00:55:46+00:00,1.0795727045755137,1.11243819446572
2022-07-07 00:55:47+00:00,1.0760009717210048,1.1123988977894033
2022-07-07 00:55:48+00:00,1.0723789383106384,1.112386308494419
2022-07-07 00:55:49+00:00,1.0688847684112144,1.1123976689915347
2022-07-07 00:55:50+00:00,1.065681472733123,1.1124283220761244
2022-07-07 00:55:51+00:00,1.0629041776420582,1.1124721413394192
2022-07-07 00:55:52+00:00,1.0606511433543606,1.1125220835241383
2022-07-07 00:55:53+00:00,1.0589790264420678,1.112570812995904
2022-07-07 00:55:54+00:00,1.0579024072737573,1.1126113427059385
2022-07-07 00:55:55+00:00,1.0573970917999866,1.1126376351827552
2022-07-07 00:55:56+00:00,1.0574062125158274,1.112645111233388
2022-07-07 00:55:57+00:00,1.057847905195903,1.112631022741453
2022-07-07 00:55:58+00:00,1.0586234297436965,1.1125946584055042
2022-07-07 00:55:59+00:00,1.0596248982219745,1.1125373663301223
2022-07-07 00:56:00+00:00,1.0607420607838909,1.1124623937088653
2022-07-07 00:56:01+00:00,1.0618678254356555,1.1123745599705344
2022-07-07 00:56:02+00:00,1.062902422929364,1.1122797942782472
2022-07-07 00:56:03+00:00,1.0637564024211004,1.1121845799114491
2022-07-07 00:56:04+00:00,1.0643529039832995,1.1120953558277997
2022-07-07 00:56:05+00:00,1.064629827691695,1.1120179289500585
2022-07-07 00:56:06+00:00,1.0645425302477307,1.1119569492128347
2022-07-07 00:56:07+00:00,1.0640674455824974,1.1119154933174797
2022-07-07 00:56:08+00:00,1.0632064780840498,1.1118947930641223
2022-07-07 00:56:09+00:00,1.0619912108261211,1.111894130987595
2022-07-07 00:56:10+00:00,1.060485244567313,1.1119109110089462
2022-07-07 00:56:11+00:00,1.0587828805892698,1.1119408962696014
2022-07-07 00:56:12+00:00,1.057003154691888,1.11197859161717
2022-07-07 00:56:13+00:00,1.0552795323773578,1.1120177356479821
2022-07-07 00:56:14+00:00,1.053746652570414,1.112051857867999
2022-07-07 00:56:15+00:00,1.0525259790916297,1.1120748512021932
2022-07-07 00:56:16+00:00,1.051712214309389,1.1120815091925693
2022-07-07 00:56:17+00:00,1.0513620777576391,1.1120679808105758
2022-07-07 00:56:18+00:00,1.051486677277787,1.1120321035097558
2022-07-07 00:56:19+00:00,1.0520483044260192,1.1119735862391524
2022-07-07 00:56:20+00:00,1.0529621222030747,1.1118940276153686
2022-07-07 00:56:21+00:00,1.0541028239351835,1.1117967690996786
2022-07-07 00:56:22+00:00,1.0553158823429896,1.1116865975436816
2022-07-07 00:56:23+00:00,1.0564325312552183,1.1115693245749456
2022-07-07 00:56:24+00:00,1.0572871734758265,1.1114512808523145
2022-07-07 00:56:25+00:00,1.057735466012777,1.1113387703247244
2022-07-07 00:56:26+00:00,1.057670955846317,1.1112375326867312
2022-07-07 00:56:27+00:00,1.057038049505726,1.111152261010114
2022-07-07 00:56:28+00:00,1.0558395068191582,1.1110862161944386
2022-07-07 00:56:29+00:00,1.054137495657926,1.1110409709324833
2022-07-07 00:56:30+00:00,1.052048208160097,1.1110163041541419
2022-07-07 00:56:31+00:00,1.0497307988463225,1.111010253456819
2022-07-07 00:56:32+00:00,1.0473718643498506,1.1110193190545594
2022-07-07 00:56:33+00:00,1.0451669530028962,1.1110387995186963
2022-07-07 00:56:34+00:00,1.0433008384195717,1.1110632282004296
2022-07-07 00:56:35+00:00,1.0419285770851063,1.1110868707038877
2022-07-07 00:56:36+00:00,1.0411595403179223,1.1111042388380759
2022-07-07 00:56:37+00:00,1.0410464078150103,1.1111105755158979
2022-07-07 00:56:38+00:00,1.0415804597290028,1.111102268131452
2022-07-07 00:56:39+00:00,1.0426935892635487,1.111077154721392
2022-07-07 00:56:40+00:00,1.0442665056161065,1.111034697066673
2022-07-07 00:56:41+00:00,1.0461417431396356,1.1109760069172994
2022-07-07 00:56:42+00:00,1.0481394637287054,1.1109037246420128
2022-07-07 00:56:43+00:00,1.0500738400681058,1.1108217626492511
2022-07-07 00:56:44+00:00,1.0517681831399543,1.1107349377457791
2022-07-07 00:56:45+00:00,1.0530677493139524,1.1106485261654642
2022-07-07 00:56:46+00:00,1.0538498548271942,1.1105677814922765
2022-07-07 00:56:47+00:00,1.054031210921604,1.110497458577703
2022-07-07 00:56:48+00:00,1.053572379966545,1.1104413855965851
2022-07-07 00:56:49+00:00,1.0524792378718513,1.1104021217201654
2022-07-07 00:56:50+00:00,1.0508014545384758,1.1103807299598414
2022-07-07 00:56:51+00:00,1.0486282271822494,1.1103766842815566
2022-07-07 00:56:52+00:00,1.0460816879792143,1.1103879180561336
2022-07-07 00:56:53+00:00,1.0433084423280463,1.1104110083721563
2022-07-07 00:56:54+00:00,1.0404696186368751,1.1104414788057038
2022-07-07 00:56:55+00:00,1.0377298295084465,1.110474192961102
2022-07-07 00:56:56+00:00,1.0352456937895016,1.1105038033584262
2022-07-07 00:56:57+00:00,1.033154914793016,1.110525215703234
2022-07-07 00:56:58+00:00,1.0315670687536522,1.110534027599936
2022-07-07 00:56:59+00:00,1.03055709582134,1.1105269034122367
2022-07-07 00:57:00+00:00,1.03016209293124,1.1105018529629558
2022-07-07 00:57:01+00:00,1.0303815159595997,1.1104583905398548
2022-07-07 00:57:02+00:00,1.0311803957528838,1.110397561432587
2022-07-07 00:57:03+00:00,1.032494780212024,1.1103218350007042
2022-07-07 00:57:04+00:00,1.0342384743499091,1.110234875016155
2022-07-07 00:57:05+00:00,1.036310270246855,1.1101412087017066
2022-07-07 00:57:06+00:00,1.0386010610009286,1.1100458245695262
2022-07-07 00:57:07+00:00,1.0410003291966836,1.1099537351072386
2022-07-07 00:57:08+00:00,1.0434014969426737,1.1098695430667858
2022-07-07 00:57:09+00:00,1.0457057047027452,1.1097970493789946
2022-07-07 00:57:10+00:00,1.0478239006411856,1.1097389366438897
2022-07-07 00:57:11+00:00,1.0496776120666556,1.1096965551267493
2022-07-07 00:57:12+00:00,1.0511992083216422,1.1096698288716473
2022-07-07 00:57:13+00:00,1.0523326429550428,1.1096572887725618
2022-07-07 00:57:14+00:00,1.053035490781001,1.109656228181287
2022-07-07 00:57:15+00:00,1.0532825704548587,1.109662965878788
2022-07-07 00:57:16+00:00,1.0530706805829826,1.1096731919346658
2022-07-07 00:57:17+00:00,1.0524232541774328,1.1096823649329235
2022-07-07 00:57:18+00:00,1.0513933595582727,1.1096861248490293
2022-07-07 00:57:19+00:00,1.0500635710211268,1.1096806848635463
2022-07-07 00:57:20+00:00,1.0485417449684842,1.1096631676465223
2022-07-07 00:57:21+00:00,1.0469525847705816,1.1096318569127104
2022-07-07 00:57:22+00:00,1.0454259184897634,1.1095863428352126
2022-07-07 00:57:23+00:00,1.0440835047754382,1.1095275495018173
2022-07-07 00:57:24+00:00,1.0430265351517962,1.109457643139446
2022-07-07 00:57:25+00:00,1.0423257285146972,1.1093798303786042
2022-07-07 00:57:26+00:00,1.042015269946276,1.1092980654515574
2022-07-07 00:57:27+00:00,1.0420911448618893,1.109216693076095
2022-07-07 00:57:28+00:00,1.0425138187154253,1.1091400591962242
2022-07-07 00:57:29+00:00,1.0432147043019655,1.1090721242787822
2022-07-07 00:57:30+00:00,1.0441053864097756,1.109016113307136
2022-07-07 00:57:31+00:00,1.045088180222275,1.1089742330501702
2022-07-07 00:57:32+00:00,1.046066467759205,1.108947480961023
2022-07-07 00:57:33+00:00,1.046953544299079,1.108935561750918
2022-07-07 00:57:34+00:00,1.047679322592055,1.1089369180423756
2022-07-07 00:57:35+00:00,1.0481948495869655,1.1089488713961528
2022-07-07 00:57:36+00:00,1.0484748973473568,1.108967860323188
2022-07-07 00:57:37+00:00,1.0485188806737662,1.108989753485584
2022-07-07 00:57:38+00:00,1.0483502004025254,1.109010209887173
2022-07-07 00:57:39+00:00,1.048013978455874,1.1090250539984396
2022-07-07 00:57:40+00:00,1.047573126601833,1.1090306327664043
2022-07-07 00:57:41+00:00,1.04710279445075,1.1090241233860896
2022-07-07 00:57:42+00:00,1.0466834589709193,1.1090037653569729
2022-07-07 00:57:43+00:00,1.046393250430226,1.1089689972783348
2022-07-07 00:57:44+00:00,1.0463005260395046,1.1089204874177396
2022-07-07 00:57:45+00:00,1.046458007948026,1.108860056544302
2022-07-07 00:57:46+00:00,1.046899699149079,1.1087905010107078
2022-07-07 00:57:47+00:00,1.047641164525862,1.108715332758596
2022-07-07 00:57:48+00:00,1.0486828349139288,1.1086384600534318
2022-07-07 00:57:49+00:00,1.0500151303295169,1.1085638377151894
2022-07-07 00:57:50+00:00,1.0516236783062047,1.1084951179853482
2022-07-07 00:57:51+00:00,1.0534928613525036,1.1084353327764296
2022-07-07 00:57:52+00:00,1.055606413144197,1.1083866349509035
2022-07-07 00:57:53+00:00,1.0579447149103527,1.1083501207728739
2022-07-07 00:57:54+00:00,1.0604795346147748,1.1083257482784228
2022-07-07 00:57:55+00:00,1.0631677835731566,1.1083123576904168
2022-07-07 00:57:56+00:00,1.0659461653122722,1.108307790933424
2022-07-07 00:57:57+00:00,1.0687284324690691,1.1083090985883537
2022-07-07 00:57:58+00:00,1.0714065612155863,1.1083128150292387
2022-07-07 00:57:59+00:00,1.0738565304402616,1.108315276664539
2022-07-07 00:58:00+00:00,1.0759484973330635,1.108312954657324
2022-07-07 00:58:01+00:00,1.0775601282880083,1.1083027725122705
2022-07-07 00:58:02+00:00,1.078590987730763,1.1082823805533604
2022-07-07 00:58:03+00:00,1.0789754799952291,1.1082503634035041
2022-07-07 00:58:04+00:00,1.07869198215183,1.1082063627307093
2022-07-07 00:58:05+00:00,1.0777664491928405,1.1081511051813082
2022-07-07 00:58:06+00:00,1.0762697915357045,1.1080863338889402
2022-07-07 00:58:07+00:00,1.0743095056077387,1.1080146504736015
2022-07-07 00:58:08+00:00,1.072017064511616,1.1079392822759557
2022-07-07 00:58:09+00:00,1.069533176815484,1.1078637960248925
2022-07-07 00:58:10+00:00,1.0669931342233123,1.1077917836561317
2022-07-07 00:58:11+00:00,1.0645142003703705,1.107726548207603
2022-07-07 00:58:12+00:00,1.0621864902380782,1.1076708174420768
2022-07-07 00:58:13+00:00,1.0600681691747316,1.1076265101384142
2022-07-07 00:58:14+00:00,1.058185133405945,1.1075945751131473
2022-07-07 00:58:15+00:00,1.0565346661924095,1.1075749164358122
2022-07-07 00:58:16+00:00,1.0550919822514109,1.1075664105833536
2022-07-07 00:58:17+00:00,1.0538182294148095,1.1075670131323803
2022-07-07 00:58:18+00:00,1.0526685055676903,1.1075739447351927
2022-07-07 00:58:19+00:00,1.05159870605247,1.1075839392552158
2022-07-07 00:58:20+00:00,1.0505704205200372,1.1075935316450236
2022-07-07 00:58:21+00:00,1.049553572697898,1.107599359885716
2022-07-07 00:58:22+00:00,1.048526947569689,1.107598454336871
2022-07-07 00:58:23+00:00,1.0474770623508831,1.107588489233569
2022-07-07 00:58:24+00:00,1.0463959984190916,1.1075679746646687
2022-07-07 00:58:25+00:00,1.0452789061025634,1.1075363728349756
2022-07-07 00:58:26+00:00,1.044121947478348,1.107494129252056
2022-07-07 00:58:27+00:00,1.0429213726545017,1.1074426170696974
2022-07-07 00:58:28+00:00,1.0416741642411724,1.107384000487653
2022-07-07 00:58:29+00:00,1.0403802756549525,1.1073210301749272
2022-07-07 00:58:30+00:00,1.0390460578639351,1.1072567895348127
2022-07-07 00:58:31+00:00,1.037688134507183,1.107194414761079
2022-07-07 00:58:32+00:00,1.0363368064295664,1.1071368136997908
2022-07-07 00:58:33+00:00,1.035038062423992,1.1070864083694878
2022-07-07 00:58:34+00:00,1.03385345817457,1.1070449236411015
2022-07-07 00:58:35+00:00,1.0328575028708158,1.1070132402678214
2022-07-07 00:58:36+00:00,1.032132686137076,1.1069913245843774
2022-07-07 00:58:37+00:00,1.0317627103999694,1.1069782402984465
2022-07-07 00:58:38+00:00,1.0318247182917135,1.1069722404926703
2022-07-07 00:58:39+00:00,1.0323813354196218,1.1069709308922462
2022-07-07 00:58:40+00:00,1.0334733021458498,1.1069714892505225
2022-07-07 00:58:41+00:00,1.035113408500208,1.1069709209015897
2022-07-07 00:58:42+00:00,1.0372823486967893,1.1069663275337485
2022-07-07 00:58:43+00:00,1.0399269468654937,1.1069551652966765
2022-07-07 00:58:44+00:00,1.0429610059587429,1.1069354695302096
2022-07-07 00:58:45+00:00,1.0462688398370106,1.1069060265688826
2022-07-07 00:58:46+00:00,1.0497113301887282,1.106866477934446
2022-07-07 00:58:47+00:00,1.0531340346915263,1.1068173483331665
2022-07-07 00:58:48+00:00,1.0563765010849897,1.1067599956750815
2022-07-07 00:58:49+00:00,1.0592817124410898,1.1066964882221377
2022-07-07 00:58:50+00:00,1.0617047002056772,1.1066294203431037
2022-07-07 00:58:51+00:00,1.0635198019447307,1.1065616836491117
2022-07-07 00:58:52+00:00,1.0646265746300865,1.1064962140487515
2022-07-07 00:58:53+00:00,1.0649547273278208,1.1064357371795819
2022-07-07 00:58:54+00:00,1.0644684444069876,1.1063825345933644
2022-07-07 00:58:55+00:00,1.063170106015194,1.1063382510226105
2022-07-07 00:58:56+00:00,1.061102825887931,1.106303759236696
2022-07-07 00:58:57+00:00,1.0583507603190552,1.1062790937613973
2022-07-07 00:58:58+00:00,1.0550361621338284,1.1062634585618114
2022-07-07 00:58:59+00:00,1.051312748285888,1.106255307228754
2022-07-07 00:59:00+00:00,1.0473558221614403,1.1062524878448081
2022-07-07 00:59:01+00:00,1.04335029512326,1.1062524390968749
2022-07-07 00:59:02+00:00,1.0394780244491226,1.1062524198338284
2022-07-07 00:59:03+00:00,1.0359057695326748,1.106249751512862
2022-07-07 00:59:04+00:00,1.0327747789815307,1.1062420520624388
2022-07-07 00:59:05+00:00,1.0301927312849233,1.106227440675235
2022-07-07 00:59:06+00:00,1.0282284899121363,1.1062046958246257
2022-07-07 00:59:07+00:00,1.026909852159438,1.106173353109647
2022-07-07 00:59:08+00:00,1.0262241786845494,1.1061337349802294
2022-07-07 00:59:09+00:00,1.0261215901301997,1.1060869104850923
2022-07-07 00:59:10+00:00,1.0265203981650108,1.1060345893755703
2022-07-07 00:59:11+00:00,1.0273145393312564,1.1059789606431103
2022-07-07 00:59:12+00:00,1.0283827932364975,1.1059224903644629
2022-07-07 00:59:13+00:00,1.0295993269960082,1.1058676971636474
2022-07-07 00:59:14+00:00,1.030844677094507,1.1058169253847692
2022-07-07 00:59:15+00:00,1.0320159092904553,1.1057721360642545
2022-07-07 00:59:16+00:00,1.0330346239396269,1.1057347340138841
2022-07-07 00:59:17+00:00,1.0338517700399656,1.1057054459519318
2022-07-07 00:59:18+00:00,1.034448792330831,1.1056842599625254
2022-07-07 00:59:19+00:00,1.03483525820579,1.1056704310467198
2022-07-07 00:59:20+00:00,1.035043615706528,1.105662551647802
2022-07-07 00:59:21+00:00,1.0351220701762809,1.105658680310219
2022-07-07 00:59:22+00:00,1.03512677208695,1.1056565165691785
2022-07-07 00:59:23+00:00,1.035114554228259,1.1056536062059785
2022-07-07 00:59:24+00:00,1.035137236510902,1.10564755848063
2022-07-07 00:59:25+00:00,1.0352380319391643,1.1056362560761743
2022-07-07 00:59:26+00:00,1.03545003550629,1.1056180393190007
2022-07-07 00:59:27+00:00,1.035796375896101,1.1055918486859484
2022-07-07 00:59:28+00:00,1.0362914112582025,1.1055573134401329
2022-07-07 00:59:29+00:00,1.0369422990391768,1.1055147791015607
2022-07-07 00:59:30+00:00,1.0377503394754983,1.1054652719166147
2022-07-07 00:59:31+00:00,1.038711684634499,1.105410404055394
2022-07-07 00:59:32+00:00,1.0398172739803098,1.1053522284462467
2022-07-07 00:59:33+00:00,1.0410521184302242,1.1052930565000487
2022-07-07 00:59:34+00:00,1.04239424152376,1.1052352551087246
2022-07-07 00:59:35+00:00,1.0438136750349705,1.105181040959502
2022-07-07 00:59:36+00:00,1.0452719238711503,1.1051322902575276
2022-07-07 00:59:37+00:00,1.0467223026636985,1.1050903804065988
2022-07-07 00:59:38+00:00,1.0481114836327534,1.1050560772131561
2022-07-07 00:59:39+00:00,1.0493824217332022,1.1050294770300249
2022-07-07 00:59:40+00:00,1.0504785422149034,1.1050100083211973
2022-07-07 00:59:41+00:00,1.051348770692842,1.1049964918501054
2022-07-07 00:59:42+00:00,1.051952755294766,1.104987253540017
2022-07-07 00:59:43+00:00,1.0522655451363745,1.1049802794792707
2022-07-07 00:59:44+00:00,1.0522810627171262,1.1049733989433177
2022-07-07 00:59:45+00:00,1.0520138754178217,1.104964478987223
2022-07-07 00:59:46+00:00,1.051498940841181,1.104951613317551
2022-07-07 00:59:47+00:00,1.0507891569388708,1.1049332888406294
2022-07-07 00:59:48+00:00,1.0499507646511086,1.1049085154286975
2022-07-07 00:59:49+00:00,1.049056969992611,1.1048769078423337
2022-07-07 00:59:50+00:00,1.0481805040285015,1.1048387130845776
2022-07-07 00:59:51+00:00,1.0473861043745991,1.104794781347309
2022-07-07 00:59:52+00:00,1.046724003847308,1.1047464837074883
2022-07-07 00:59:53+00:00,1.046225422611025,1.1046955843981088
2022-07-07 00:59:54+00:00,1.0459007693142777,1.1046440794081058
2022-07-07 00:59:55+00:00,1.0457407869502748,1.1045940160181202
2022-07-07 00:59:56+00:00,1.0457203244984126,1.1045473094144305
2022-07-07 00:59:57+00:00,1.0458039240826842,1.104505572619618
2022-07-07 00:59:58+00:00,1.0459521196123056,1.10446997464175
2022-07-07 00:59:59+00:00,1.0461273111899,1.1044411391065012
