t_s,y1,y2,y3,r1,r2,r3,u1,u2,u3,e1,e2,e3
0.0,1.072539571059118,1.0595115570197593,1.0833109208967169,,,,,,,-0.05431385405302813,-0.038700841453146895,-0.06593213502606887
1.0,1.0743138540530281,1.058700841453147,1.085932135026069,1.02,1.02,1.02,1.0425903189012284,0.837057329610164,0.4754162846194192,-0.05005457893369236,-0.04472026380815075,-0.0613641011974837
2.0,1.0700545789336924,1.0647202638081508,1.0813641011974837,1.02,1.02,1.02,1.0415892273225547,0.836162924334001,0.47418900259546953,-0.050048526409146366,-0.0447266941155533,-0.06135823927923534
3.0,1.0700485264091464,1.0647266941155533,1.0813582392792354,1.02,1.02,1.02,1.0405882567943718,0.8352683904516899,0.4729618378098848,-0.05004724795107207,-0.044725173120972794,-0.06135654314579786
4.0,1.070047247951072,1.0647251731209728,1.0813565431457979,1.02,1.02,1.02,1.0395873118353505,0.8343738869892704,0.47173470694696884,-0.05004597473906758,-0.044723641901788236,-0.06135485118588124
5.0,1.0700459747390676,1.0647236419017883,1.0813548511858813,1.02,1.02,1.02,1.0385863923405692,0.8334794141512346,0.4705076099232512,-0.05004470157256913,-0.04472211071450438,-0.06135315927374729
6.0,1.0700447015725691,1.0647221107145044,1.0813531592737473,1.02,1.02,1.02,1.0375854983091177,0.8325849719369445,0.46928054673777625,-0.05004342844607912,-0.04472057957200404,-0.061351467405075244
7.0,1.0700434284460791,1.064720579572004,1.0813514674050753,1.02,1.02,1.02,1.0365846297401962,0.8316905603455044,0.46805351738967477,-0.05004215535959067,-0.04471904847430208,-0.061349775579858656
8.0,1.0700421553595907,1.064719048474302,1.0813497755798587,1.02,1.02,1.02,1.0355837866330044,0.8307961793760184,0.4668265218780776,-0.050040882313102664,-0.04471751742139718,-0.06134808379809642
9.0,1.0700408823131027,1.0647175174213972,1.0813480837980964,1.02,1.02,1.02,1.0345829689867423,0.8299018290275904,0.4655995602021157,-0.050039609306613775,-0.044715986413288666,-0.0613463920597872
10.0,1.0700396093066138,1.0647159864132887,1.0813463920597872,1.02,1.02,1.02,1.03358217680061,0.8290075092993245,0.4643726323609199,-0.05003833634012267,-0.04471445544997499,-0.061344700364929894
11.0,1.0700383363401227,1.064714455449975,1.08134470036493,1.02,1.02,1.02,1.0325814100738075,0.8281132201903251,0.46314573835362133,-0.05003706341362846,-0.044712924531455034,-0.06134300871352316
12.0,1.0700370634136285,1.064712924531455,1.0813430087135232,1.02,1.02,1.02,1.031580668805535,0.827218961699696,0.46191887817935084,-0.05003579052712959,-0.04471139365772814,-0.06134131710556545
13.0,1.0700357905271296,1.0647113936577282,1.0813413171055655,1.02,1.02,1.02,1.0305799529949924,0.8263247338265415,0.46069205183723955,-0.05003451768062517,-0.04470986282879297,-0.061339625541055876
14.0,1.0700345176806252,1.064709862828793,1.081339625541056,1.02,1.02,1.02,1.0295792626413798,0.8254305365699656,0.4594652593264184,-0.05003324487411387,-0.04470833204464841,-0.06133793401999288
15.0,1.0700332448741139,1.0647083320446484,1.081337934019993,1.02,1.02,1.02,1.0285785977438975,0.8245363699290726,0.45823850064601857,-0.050031972107594136,-0.044706801305293364,-0.06133624254237513
16.0,1.0700319721075942,1.0647068013052934,1.0813362425423751,1.02,1.02,1.02,1.0275779583017457,0.8236422339029668,0.45701177579517105,-0.0500306993810653,-0.04470527061072671,-0.06133455110820152
17.0,1.0700306993810653,1.0647052706107267,1.0813345511082015,1.02,1.02,1.02,1.0265773443141244,0.8227481284907522,0.455785084773007,-0.050029426694525814,-0.04470373996094734,-0.06133285971747071
18.0,1.0700294266945258,1.0647037399609474,1.0813328597174707,1.02,1.02,1.02,1.0255767557802338,0.8218540536915332,0.4545584275786576,-0.05002815404797478,-0.04470220935595415,-0.06133116837018138
19.0,1.0700281540479748,1.0647022093559542,1.0813311683701814,1.02,1.02,1.02,1.0245761926992742,0.8209600095044141,0.45333180421125396,-0.05002688144141043,-0.04470067879574624,-0.061329477066332405
20.0,1.0700268814414104,1.0647006787957463,1.0813294770663324,1.02,1.02,1.02,1.023575655070446,0.8200659959284992,0.4521052146699273,-0.050025608874832095,-0.04469914828032251,-0.06132778580592224
21.0,1.0700256088748321,1.0646991482803225,1.0813277858059223,1.02,1.02,1.02,1.0225751428929493,0.8191720129628927,0.45087865895380885,-0.05002433634823822,-0.0446976178096814,-0.061326094588949775
22.0,1.0700243363482382,1.0646976178096814,1.0813260945889498,1.02,1.02,1.02,1.0215746561659844,0.818278060606699,0.44965213706202983,-0.05002306386162769,-0.04469608738382247,-0.061324403415413675
23.0,1.0700230638616277,1.0646960873838225,1.0813244034154137,1.02,1.02,1.02,1.020574194888752,0.8173841388590226,0.44842564899372156,-0.050021791414999406,-0.04469455700274416,-0.06132271228531261
24.0,1.0700217914149994,1.0646945570027442,1.0813227122853126,1.02,1.02,1.02,1.019573759060452,0.8164902477189677,0.4471991947480153,-0.05002051900835203,-0.04469302666644537,-0.061321021198645465
25.0,1.070020519008352,1.0646930266664454,1.0813210211986455,1.02,1.02,1.02,1.0185733486802848,0.8155963871856388,0.44597277432404236,-0.050019246641684445,-0.04469149637492542,-0.06131933015541069
26.0,1.0700192466416845,1.0646914963749254,1.0813193301554107,1.02,1.02,1.02,1.017572963747451,0.8147025572581402,0.44474638772093417,-0.05001797431499533,-0.04468996612818277,-0.06131763915560717
27.0,1.0700179743149953,1.0646899661281828,1.0813176391556072,1.02,1.02,1.02,1.0165726042611511,0.8138087579355766,0.44352003493782205,-0.050016702028283344,-0.04468843592621652,-0.06131594819923358
28.0,1.0700167020282834,1.0646884359262165,1.0813159481992336,1.02,1.02,1.02,1.0155722702205854,0.8129149892170523,0.4422937159738374,-0.050015429781547605,-0.044686905769025564,-0.06131425728628881
29.0,1.0700154297815476,1.0646869057690256,1.0813142572862888,1.02,1.02,1.02,1.0145719616249544,0.8120212511016718,0.4410674308281116,-0.05001415757478678,-0.044685375656608795,-0.0613125664167713
30.0,1.0700141575747868,1.0646853756566088,1.0813125664167713,1.02,1.02,1.02,1.0135716784734587,0.8111275435885396,0.4398411794997762,-0.05001288540799953,-0.0446838455889651,-0.061310875590679714
31.0,1.0700128854079995,1.0646838455889651,1.0813108755906797,1.02,1.02,1.02,1.0125714207652987,0.8102338666767602,0.43861496198796257,-0.05001161328118475,-0.04468231556609337,-0.06130918480801317
32.0,1.0700116132811848,1.0646823155660934,1.0813091848080132,1.02,1.02,1.02,1.011571188499675,0.8093402203654384,0.4373887782918023,-0.050010341194341335,-0.04468078558799271,-0.06130749406877012
33.0,1.0700103411943414,1.0646807855879927,1.0813074940687701,1.02,1.02,1.02,1.0105709816757882,0.8084466046536786,0.43616262841042686,-0.05000906914746772,-0.044679255654661576,-0.06130580337294922
34.0,1.0700090691474677,1.0646792556546616,1.0813058033729492,1.02,1.02,1.02,1.0095708002928387,0.8075530195405853,0.4349365123429679,-0.050007797140563026,-0.0446777257660993,-0.06130411272054914
35.0,1.070007797140563,1.0646777257660993,1.0813041127205492,1.02,1.02,1.02,1.0085706443500275,0.8066594650252633,0.43371043008855686,-0.050006525173625915,-0.04467619592230454,-0.061302422111569
36.0,1.070006525173626,1.0646761959223046,1.081302422111569,1.02,1.02,1.02,1.007570513846555,0.8057659411068172,0.43248438164632547,-0.05000525324665506,-0.04467466612327642,-0.061300731546007015
37.0,1.070005253246655,1.0646746661232764,1.081300731546007,1.02,1.02,1.02,1.0065704087816219,0.8048724477843516,0.4312583670154053,-0.05000398135964956,-0.0446731363690136,-0.0612990410238623
38.0,1.0700039813596496,1.0646731363690136,1.0812990410238623,1.02,1.02,1.02,1.005570329154429,0.8039789850569714,0.43003238619492806,-0.05000270951260788,-0.044671606659515195,-0.0612973505451333
39.0,1.070002709512608,1.0646716066595152,1.0812973505451333,1.02,1.02,1.02,1.0045702749641767,0.8030855529237811,0.4288064391840254,-0.050001437705528895,-0.044670076994780095,-0.061295660109818684
40.0,1.070001437705529,1.0646700769947801,1.0812956601098187,1.02,1.02,1.02,1.0035702462100662,0.8021921513838856,0.427580525981829,-0.0500001659384115,-0.044668547374806966,-0.06129396971791756
41.0,1.0700001659384115,1.064668547374807,1.0812939697179176,1.02,1.02,1.02,1.002570242891298,0.8012987804363895,0.42635464658747063,-0.04999889421125436,-0.04466701779959492,-0.06129227936942816
42.0,1.0699988942112544,1.064667017799595,1.0812922793694282,1.02,1.02,1.02,1.0015702650070728,0.8004054400803976,0.42512880100008205,-0.04999762252405637,-0.04466548826914263,-0.06129058906434959
43.0,1.0699976225240564,1.0646654882691426,1.0812905890643496,1.02,1.02,1.02,1.0005703125565917,0.7995121303150148,0.42390298921879505,-0.04999635087681642,-0.04466395878344942,-0.06128889880268029
44.0,1.0699963508768164,1.0646639587834494,1.0812888988026803,1.02,1.02,1.02,0.9995703855390553,0.7986188511393458,0.42267721124274144,-0.04999507926953295,-0.044662429342513965,-0.06128720858441916
45.0,1.069995079269533,1.064662429342514,1.0812872085844192,1.02,1.02,1.02,0.9985704839536647,0.7977256025524956,0.4214514670710531,-0.04999380770220485,-0.04466089994633493,-0.061285518409564865
46.0,1.0699938077022049,1.064660899946335,1.0812855184095649,1.02,1.02,1.02,0.9975706077996206,0.7968323845535689,0.4202257567028618,-0.04999253617483124,-0.04465937059491165,-0.06128382827811607
47.0,1.0699925361748313,1.0646593705949117,1.081283828278116,1.02,1.02,1.02,0.996570757076124,0.7959391971416706,0.41900008013729945,-0.04999126468741055,-0.044657841288242794,-0.06128213819007167
48.0,1.0699912646874106,1.0646578412882428,1.0812821381900717,1.02,1.02,1.02,0.9955709317823758,0.7950460403159058,0.417774437373498,-0.049989993239941466,-0.04465631202632725,-0.0612804481454301
49.0,1.0699899932399415,1.0646563120263273,1.0812804481454301,1.02,1.02,1.02,0.994571131917577,0.7941529140753792,0.41654882841058943,-0.04998872183242331,-0.04465478280916413,-0.06127875814419026
50.0,1.0699887218324233,1.0646547828091641,1.0812787581441903,1.02,1.02,1.02,0.9935713574809285,0.793259818419196,0.41532325324770564,-0.04998745046485431,-0.0446532536367521,-0.061277068186350814
51.0,1.0699874504648543,1.0646532536367521,1.0812770681863508,1.02,1.02,1.02,0.9925716084716314,0.792366753346461,0.41409771188397865,-0.04998617913723358,-0.04465172450909005,-0.06127537827191043
52.0,1.0699861791372336,1.06465172450909,1.0812753782719104,1.02,1.02,1.02,0.9915718848888867,0.7914737188562792,0.41287220431854044,-0.04998490784956,-0.0446501954261771,-0.061273688400867776
53.0,1.06998490784956,1.0646501954261771,1.0812736884008678,1.02,1.02,1.02,0.9905721867318955,0.7905807149477556,0.4116467305505231,-0.04998363660183203,-0.044648666388011904,-0.06127199857322174
54.0,1.069983636601832,1.064648666388012,1.0812719985732218,1.02,1.02,1.02,0.9895725139998589,0.7896877416199953,0.41042129057905863,-0.049982365394048545,-0.04464713739459358,-0.061270308788970995
55.0,1.0699823653940486,1.0646471373945936,1.081270308788971,1.02,1.02,1.02,0.988572866691978,0.7887947988721035,0.4091958844032792,-0.049981094226208445,-0.044645608445921026,-0.0612686190481142
56.0,1.0699810942262085,1.064645608445921,1.0812686190481142,1.02,1.02,1.02,0.9875732448074538,0.7879018867031851,0.40797051202231693,-0.049979823098310394,-0.04464407954199312,-0.06126692935065026
57.0,1.0699798230983104,1.0646440795419931,1.0812669293506503,1.02,1.02,1.02,0.9865736483454876,0.7870090051123452,0.4067451734353039,-0.04997855201035328,-0.044642550682808535,-0.0612652396965776
58.0,1.0699785520103533,1.0646425506828086,1.0812652396965776,1.02,1.02,1.02,0.9855740773052805,0.786116154098689,0.40551986864137235,-0.04997728096233578,-0.04464102186836638,-0.061263550085895124
59.0,1.0699772809623358,1.0646410218683664,1.0812635500858951,1.02,1.02,1.02,0.9845745316860337,0.7852233336613216,0.4042945976396545,-0.04997600995425677,-0.04463949309866577,-0.061261860518601274
60.0,1.0699760099542568,1.0646394930986658,1.0812618605186013,1.02,1.02,1.02,0.9835750114869486,0.7843305437993483,0.40306936042928243,-0.04997473898611515,-0.04463796437370515,-0.06126017099469516
61.0,1.0699747389861152,1.0646379643737052,1.0812601709946952,1.02,1.02,1.02,0.9825755167072263,0.7834377845118742,0.4018441570093885,-0.04997346805790959,-0.044636435693483634,-0.061258481514175234
62.0,1.0699734680579096,1.0646364356934837,1.0812584815141753,1.02,1.02,1.02,0.9815760473460681,0.7825450557980045,0.400618987379105,-0.049972197169638743,-0.04463490705800033,-0.06125679207704038
63.0,1.0699721971696388,1.0646349070580003,1.0812567920770404,1.02,1.02,1.02,0.9805766034026753,0.7816523576568445,0.3993938515375642,-0.04997092632130151,-0.044633378467253904,-0.061255102683289264
64.0,1.0699709263213015,1.064633378467254,1.0812551026832893,1.02,1.02,1.02,0.9795771848762492,0.7807596900874995,0.3981687494838984,-0.04996965551289678,-0.04463184992124325,-0.06125341333292056
65.0,1.0699696555128968,1.0646318499212433,1.0812534133329206,1.02,1.02,1.02,0.9785777917659912,0.7798670530890746,0.39694368121724,-0.04996838474442322,-0.04463032141996748,-0.06125172402593293
66.0,1.0699683847444232,1.0646303214199675,1.081251724025933,1.02,1.02,1.02,0.9775784240711027,0.7789744466606752,0.39571864673672136,-0.04996711401587972,-0.04462879296342526,-0.06125003476232527
67.0,1.0699671140158797,1.0646287929634253,1.0812500347623253,1.02,1.02,1.02,0.9765790817907851,0.7780818708014067,0.39449364604147485,-0.049965843327264725,-0.044627264551615475,-0.06124834554209602
68.0,1.0699658433272647,1.0646272645516155,1.081248345542096,1.02,1.02,1.02,0.9755797649242398,0.7771893255103743,0.39326867913063296,-0.04996457267857757,-0.04462573618453747,-0.06124665636524407
69.0,1.0699645726785776,1.0646257361845375,1.081246656365244,1.02,1.02,1.02,0.9745804734706682,0.7762968107866836,0.3920437460033281,-0.049963302069816695,-0.04462420786218946,-0.06124496723176831
70.0,1.0699633020698167,1.0646242078621895,1.0812449672317683,1.02,1.02,1.02,0.9735812074292719,0.7754043266294398,0.3908188466586927,-0.049962031500981,-0.044622679584571,-0.06124327814166719
71.0,1.069962031500981,1.064622679584571,1.0812432781416672,1.02,1.02,1.02,0.9725819667992522,0.7745118730377484,0.38959398109585935,-0.04996076097206914,-0.044621151351680544,-0.061241589094939375
72.0,1.0699607609720692,1.0646211513516806,1.0812415890949394,1.02,1.02,1.02,0.9715827515798109,0.7736194500107147,0.38836914931396055,-0.049959490483080016,-0.04461962316351742,-0.061239900091583754
73.0,1.06995949048308,1.0646196231635174,1.0812399000915838,1.02,1.02,1.02,0.9705835617701493,0.7727270575474444,0.3871443513121289,-0.04995822003401251,-0.04461809502008007,-0.06123821113159922
74.0,1.0699582200340125,1.06461809502008,1.0812382111315992,1.02,1.02,1.02,0.969584397369469,0.7718346956470428,0.3859195870894969,-0.04995694962486508,-0.04461656692136762,-0.06123652221498399
75.0,1.069956949624865,1.0646165669213676,1.081236522214984,1.02,1.02,1.02,0.9685852583769717,0.7709423643086154,0.38469485664519726,-0.04995567925563682,-0.044615038867379164,-0.06123483334173718
76.0,1.0699556792556368,1.0646150388673792,1.0812348333417372,1.02,1.02,1.02,0.967586144791859,0.7700500635312678,0.38347015997836253,-0.04995440892632641,-0.04461351085811316,-0.06123314451185746
77.0,1.0699544089263264,1.0646135108581132,1.0812331445118575,1.02,1.02,1.02,0.9665870566133324,0.7691577933141055,0.3822454970881254,-0.04995313863693274,-0.044611982893568936,-0.0612314557253435
78.0,1.0699531386369328,1.064611982893569,1.0812314557253435,1.02,1.02,1.02,0.9655879938405938,0.7682655536562342,0.3810208679736185,-0.04995186838745447,-0.04461045497374516,-0.061229766982193956
79.0,1.0699518683874545,1.0646104549737452,1.081229766982194,1.02,1.02,1.02,0.9645889564728447,0.7673733445567593,0.37979627263397464,-0.04995059817789027,-0.04460892709864095,-0.061228078282407505
80.0,1.0699505981778903,1.064608927098641,1.0812280782824075,1.02,1.02,1.02,0.9635899445092869,0.7664811660147866,0.3785717110683265,-0.04994932800823926,-0.044607399268254966,-0.061226389625983035
81.0,1.0699493280082393,1.064607399268255,1.081226389625983,1.02,1.02,1.02,0.9625909579491221,0.7655890180294215,0.37734718327580685,-0.049948057878500096,-0.0446058714825861,-0.06122470101291899
82.0,1.0699480578785001,1.0646058714825861,1.081224701012919,1.02,1.02,1.02,0.961591996791552,0.7646969005997698,0.3761226892555485,-0.049946787788671454,-0.04460434374163347,-0.061223012443214486
83.0,1.0699467877886715,1.0646043437416335,1.0812230124432145,1.02,1.02,1.02,0.9605930610357786,0.7638048137249371,0.3748982290066842,-0.04994551773875222,-0.044602816045395954,-0.061221323916867965
84.0,1.0699455177387522,1.064602816045396,1.081221323916868,1.02,1.02,1.02,0.9595941506810035,0.7629127574040292,0.3736738025283468,-0.049944247728741065,-0.04460128839387223,-0.06121963543387832
85.0,1.069944247728741,1.0646012883938722,1.0812196354338783,1.02,1.02,1.02,0.9585952657264287,0.7620207316361518,0.37244940981966923,-0.049942977758636875,-0.044599760787061404,-0.06121794699424399
86.0,1.069942977758637,1.0645997607870614,1.081217946994244,1.02,1.02,1.02,0.957596406171256,0.7611287364204106,0.37122505087978436,-0.04994170782843854,-0.04459823322496259,-0.06121625859796387
87.0,1.0699417078284386,1.0645982332249626,1.0812162585979639,1.02,1.02,1.02,0.9565975720146872,0.7602367717559113,0.3700007257078251,-0.04994043793814451,-0.044596705707574236,-0.061214570245036626
88.0,1.0699404379381445,1.0645967057075743,1.0812145702450366,1.02,1.02,1.02,0.9555987632559243,0.7593448376417599,0.3687764343029244,-0.049939168087754116,-0.04459517823489545,-0.06121288193546115
89.0,1.0699391680877541,1.0645951782348955,1.0812128819354612,1.02,1.02,1.02,0.9545999798941692,0.7584529340770619,0.3675521766642152,-0.04993789827726558,-0.04459365080692512,-0.061211193669235886
90.0,1.0699378982772656,1.0645936508069251,1.081211193669236,1.02,1.02,1.02,0.953601221928624,0.7575610610609235,0.36632795279083047,-0.049936628506678016,-0.044592123423662144,-0.061209505446359724
91.0,1.069936628506678,1.0645921234236622,1.0812095054463597,1.02,1.02,1.02,0.9526024893584903,0.7566692185924502,0.36510376268190325,-0.04993535877599009,-0.04459059608510563,-0.06120781726683133
92.0,1.06993535877599,1.0645905960851056,1.0812078172668314,1.02,1.02,1.02,0.9516037821829706,0.7557774066707481,0.36387960633656663,-0.049934089085200695,-0.04458906879125424,-0.0612061291306496
93.0,1.0699340890852007,1.0645890687912543,1.0812061291306496,1.02,1.02,1.02,0.9506051004012666,0.754885625294923,0.3626554837539536,-0.04993281943430872,-0.04458754154210687,-0.06120444103781275
94.0,1.0699328194343087,1.0645875415421069,1.0812044410378128,1.02,1.02,1.02,0.9496064440125804,0.7539938744640808,0.36143139493319737,-0.049931549823312604,-0.04458601433766263,-0.06120275298832012
95.0,1.0699315498233126,1.0645860143376626,1.0812027529883201,1.02,1.02,1.02,0.9486078130161142,0.7531021541773276,0.36020733987343095,-0.049930280252211245,-0.044584487177920185,-0.06120106498217015
96.0,1.0699302802522113,1.0645844871779202,1.0812010649821702,1.02,1.02,1.02,0.9476092074110699,0.7522104644337693,0.35898331857378757,-0.04992901072100375,-0.04458296006287865,-0.06119937701936129
97.0,1.0699290107210038,1.0645829600628787,1.0811993770193613,1.02,1.02,1.02,0.9466106271966498,0.7513188052325117,0.35775933103340035,-0.04992774122968857,-0.04458143299253692,-0.06119768909989287
98.0,1.0699277412296886,1.064581432992537,1.081197689099893,1.02,1.02,1.02,0.945612072372056,0.750427176572661,0.3565353772514025,-0.04992647177826459,-0.04457990596689365,-0.0611960012237629
99.0,1.0699264717782646,1.0645799059668937,1.081196001223763,1.02,1.02,1.02,0.9446135429364907,0.7495355784533231,0.35531145722692725,-0.04992520236673048,-0.044578378985947964,-0.0611943133909707
100.0,1.0699252023667305,1.064578378985948,1.0811943133909707,1.02,1.02,1.02,0.9436150388891561,0.7486440108736041,0.3540875709591078,-0.04992393299508535,-0.04457685204969897,-0.06119262560151473
101.0,1.0699239329950854,1.064576852049699,1.0811926256015147,1.02,1.02,1.02,0.9426165602292544,0.7477524738326101,0.35286371844707753,-0.04992266366332765,-0.04457532515814511,-0.061190937855393646
102.0,1.0699226636633277,1.0645753251581451,1.0811909378553937,1.02,1.02,1.02,0.9416181069559879,0.7468609673294472,0.35163989968996967,-0.04992139437145626,-0.044573798311285495,-0.06118925015260612
103.0,1.0699213943714563,1.0645737983112855,1.0811892501526061,1.02,1.02,1.02,0.9406196790685588,0.7459694913632214,0.3504161146869175,-0.049920125119470304,-0.04457227150911902,-0.06118756249315127
104.0,1.0699201251194703,1.064572271509119,1.0811875624931513,1.02,1.02,1.02,0.9396212765661694,0.7450780459330391,0.3491923634370545,-0.049918855907368,-0.044570744751644575,-0.06118587487702731
105.0,1.069918855907368,1.0645707447516446,1.0811858748770273,1.02,1.02,1.02,0.9386228994480221,0.7441866310380062,0.347968645939514,-0.049917586735148456,-0.04456921803886127,-0.06118418730423314
106.0,1.0699175867351485,1.0645692180388613,1.0811841873042332,1.02,1.02,1.02,0.9376245477133192,0.743295246677229,0.3467449621934293,-0.04991631760281057,-0.04456769137076777,-0.06118249977476764
107.0,1.0699163176028106,1.0645676913707678,1.0811824997747677,1.02,1.02,1.02,0.936626221361263,0.7424038928498137,0.34552131219793397,-0.04991504851035278,-0.04456616474736319,-0.06118081228862948
108.0,1.0699150485103528,1.0645661647473632,1.0811808122886295,1.02,1.02,1.02,0.9356279203910559,0.7415125695548664,0.34429769595216136,-0.0499137794577742,-0.0445646381686462,-0.06117912484581711
109.0,1.0699137794577742,1.0645646381686462,1.0811791248458171,1.02,1.02,1.02,0.9346296448019005,0.7406212767914935,0.343074113455245,-0.0499125104450735,-0.04456311163461568,-0.06117743744632964
110.0,1.0699125104450735,1.0645631116346157,1.0811774374463297,1.02,1.02,1.02,0.933631394592999,0.7397300145588012,0.3418505647063184,-0.04991124147224957,-0.04456158514527098,-0.061175750090165515
111.0,1.0699112414722496,1.064561585145271,1.0811757500901655,1.02,1.02,1.02,0.932633169763554,0.7388387828558958,0.34062704970451513,-0.04990997253930107,-0.04456005870061053,-0.06117406277732362
112.0,1.069909972539301,1.0645600587006105,1.0811740627773236,1.02,1.02,1.02,0.931634970312768,0.7379475816818836,0.33940356844896863,-0.04990870364622668,-0.044558532300633225,-0.06117237550780241
113.0,1.0699087036462267,1.0645585323006332,1.0811723755078024,1.02,1.02,1.02,0.9306367962398434,0.7370564110358709,0.33818012093881256,-0.049907434793025285,-0.0445570059453384,-0.06117068828160077
114.0,1.0699074347930253,1.0645570059453384,1.0811706882816008,1.02,1.02,1.02,0.929638647543983,0.7361652709169642,0.33695670717318055,-0.04990616597969599,-0.044555479634724726,-0.06116900109871759
115.0,1.069906165979696,1.0645554796347247,1.0811690010987176,1.02,1.02,1.02,0.928640524224389,0.7352741613242697,0.3357333271512062,-0.04990489720623703,-0.044553953368790866,-0.061167313959151315
116.0,1.069904897206237,1.0645539533687909,1.0811673139591513,1.02,1.02,1.02,0.9276424262802643,0.7343830822568939,0.33450998087202316,-0.04990362847264751,-0.044552427147536156,-0.061165626862900835
117.0,1.0699036284726475,1.0645524271475362,1.0811656268629009,1.02,1.02,1.02,0.9266443537108113,0.7334920337139431,0.33328666833476517,-0.04990235977892632,-0.04455090097095926,-0.06116393980996482
118.0,1.0699023597789263,1.0645509009709593,1.0811639398099648,1.02,1.02,1.02,0.9256463065152328,0.732601015694524,0.33206338953856585,-0.04990109112507213,-0.044549374839059075,-0.06116225280034171
119.0,1.0699010911250721,1.064549374839059,1.0811622528003417,1.02,1.02,1.02,0.9246482846927314,0.7317100281977428,0.330840144482559,-0.0498998225110836,-0.04454784875183471,-0.061160565834030844
120.0,1.0698998225110836,1.0645478487518347,1.0811605658340309,1.02,1.02,1.02,0.9236502882425097,0.7308190712227061,0.32961693316587837,-0.04989855393695963,-0.044546322709284825,-0.061158878911030445
121.0,1.0698985539369597,1.0645463227092848,1.0811588789110305,1.02,1.02,1.02,0.9226523171637705,0.7299281447685204,0.32839375558765777,-0.04989728540269889,-0.04454479671140832,-0.0611571920313394
122.0,1.069897285402699,1.0645447967114083,1.0811571920313394,1.02,1.02,1.02,0.9216543714557165,0.7290372488342922,0.327170611747031,-0.04989601690830048,-0.0445432707582043,-0.06115550519495616
123.0,1.0698960169083005,1.0645432707582043,1.0811555051949562,1.02,1.02,1.02,0.9206564511175505,0.7281463834191282,0.32594750164313185,-0.04989474845376307,-0.04454174484967166,-0.061153818401880056
124.0,1.069894748453763,1.0645417448496717,1.08115381840188,1.02,1.02,1.02,0.9196585561484752,0.7272555485221347,0.32472442527509426,-0.049893480039085114,-0.044540218985809066,-0.06115213165210909
125.0,1.0698934800390851,1.064540218985809,1.081152131652109,1.02,1.02,1.02,0.9186606865476935,0.7263647441424185,0.3235013826420521,-0.04989221166426572,-0.04453869316661585,-0.06115044494564259
126.0,1.0698922116642657,1.0645386931666159,1.0811504449456426,1.02,1.02,1.02,0.9176628423144082,0.7254739702790861,0.3222783737431392,-0.04989094332930377,-0.04453716739209046,-0.06114875828247901
127.0,1.0698909433293038,1.0645371673920905,1.081148758282479,1.02,1.02,1.02,0.9166650234478221,0.7245832269312443,0.32105539857748966,-0.049889675034197944,-0.044535641662232006,-0.06114707166261679
128.0,1.069889675034198,1.064535641662232,1.0811470716626168,1.02,1.02,1.02,0.9156672299471381,0.7236925140979997,0.3198324571442373,-0.04988840677894668,-0.04453411597703938,-0.06114538508605527
129.0,1.0698884067789467,1.0645341159770394,1.0811453850860553,1.02,1.02,1.02,0.9146694618115592,0.7228018317784589,0.3186095494425162,-0.049887138563549316,-0.04453259033651147,-0.06114369855279267
130.0,1.0698871385635493,1.0645325903365115,1.0811436985527927,1.02,1.02,1.02,0.9136717190402882,0.7219111799717287,0.3173866754714603,-0.049885870388004516,-0.044531064740647164,-0.061142012062827655
131.0,1.0698858703880045,1.0645310647406472,1.0811420120628277,1.02,1.02,1.02,0.9126740016325281,0.7210205586769157,0.31616383523020375,-0.04988460225231073,-0.04452953918944558,-0.06114032561615956
132.0,1.0698846022523107,1.0645295391894456,1.0811403256161596,1.02,1.02,1.02,0.9116763095874819,0.7201299678931268,0.31494102871788054,-0.04988333415646706,-0.044528013682905376,-0.061138639212786394
133.0,1.069883334156467,1.0645280136829054,1.0811386392127864,1.02,1.02,1.02,0.9106786429043525,0.7192394076194687,0.3137182559336248,-0.04988206610047219,-0.04452648822102545,-0.06113695285270726
134.0,1.0698820661004722,1.0645264882210255,1.0811369528527073,1.02,1.02,1.02,0.9096810015823431,0.7183488778550482,0.3124955168765706,-0.049880798084324995,-0.04452496280380491,-0.06113526653592083
135.0,1.069880798084325,1.064524962803805,1.0811352665359208,1.02,1.02,1.02,0.9086833856206566,0.7174583785989721,0.3112728115458522,-0.04987953010802415,-0.04452343743124265,-0.06113358026242577
136.0,1.0698795301080242,1.0645234374312427,1.0811335802624258,1.02,1.02,1.02,0.9076857950184961,0.7165679098503472,0.31005013994060365,-0.049878262171568544,-0.044521912103337336,-0.061131894032220746
137.0,1.0698782621715686,1.0645219121033374,1.0811318940322208,1.02,1.02,1.02,0.9066882297750647,0.7156774716082805,0.30882750205995924,-0.04987699427495684,-0.044520386820088076,-0.06113020784530465
138.0,1.0698769942749569,1.064520386820088,1.0811302078453047,1.02,1.02,1.02,0.9056906898895656,0.7147870638718787,0.3076048979030531,-0.04987572641818794,-0.04451886158149376,-0.06112852170167615
139.0,1.069875726418188,1.0645188615814938,1.0811285217016762,1.02,1.02,1.02,0.9046931753612019,0.7138966866402489,0.3063823274690196,-0.049874458601260496,-0.044517336387553064,-0.06112683560133392
140.0,1.0698744586012605,1.064517336387553,1.081126835601334,1.02,1.02,1.02,0.9036956861891766,0.7130063399124978,0.30515979075699295,-0.04987319082417363,-0.04451581123826531,-0.061125149544276614
141.0,1.0698731908241736,1.0645158112382653,1.0811251495442766,1.02,1.02,1.02,0.9026982223726931,0.7121160236877325,0.3039372877661074,-0.049871923086925785,-0.04451428613362918,-0.06112346353050291
142.0,1.0698719230869258,1.0645142861336292,1.081123463530503,1.02,1.02,1.02,0.9017007839109547,0.71122573796506,0.30271481849549736,-0.04987065538951585,-0.044512761073643325,-0.06112177756001169
143.0,1.0698706553895159,1.0645127610736433,1.0811217775600117,1.02,1.02,1.02,0.9007033708031643,0.710335482743587,0.30149238294429714,-0.049869387731942494,-0.04451123605830709,-0.06112009163280163
144.0,1.0698693877319425,1.064511236058307,1.0811200916328016,1.02,1.02,1.02,0.8997059830485254,0.7094452580224209,0.3002699811116411,-0.04986812011420483,-0.044509711087619364,-0.06111840574887162
145.0,1.0698681201142048,1.0645097110876194,1.0811184057488716,1.02,1.02,1.02,0.8987086206462414,0.7085550638006685,0.29904761299666366,-0.04986685253630152,-0.04450818616157881,-0.061116719908219874
146.0,1.0698668525363015,1.0645081861615788,1.08111671990822,1.02,1.02,1.02,0.8977112835955153,0.7076649000774369,0.2978252785984993,-0.04986558499823124,-0.04450666128018432,-0.061115034110845734
147.0,1.0698655849982313,1.0645066612801843,1.0811150341108458,1.02,1.02,1.02,0.8967139718955507,0.7067747668518332,0.2966029779162824,-0.04986431749999265,-0.04450513644343479,-0.06111334835674742
148.0,1.0698643174999927,1.0645051364434348,1.0811133483567474,1.02,1.02,1.02,0.8957166855455508,0.7058846641229645,0.2953807109491474,-0.04986305004158487,-0.044503611651329544,-0.061111662645923825
149.0,1.0698630500415849,1.0645036116513296,1.0811116626459238,1.02,1.02,1.02,0.8947194245447191,0.7049945918899378,0.29415847769622894,-0.049861782623006556,-0.04450208690386703,-0.06110997697837384
150.0,1.0698617826230066,1.064502086903867,1.0811099769783739,1.02,1.02,1.02,0.893722188892259,0.7041045501518605,0.29293627815666146,-0.04986051524425661,-0.04450056220104637,-0.0611082913540959
151.0,1.0698605152442566,1.0645005622010464,1.081108291354096,1.02,1.02,1.02,0.8927249785873739,0.7032145389078396,0.29171411232957956,-0.04985924790533369,-0.044499037542866215,-0.06110660577308891
152.0,1.0698592479053337,1.0644990375428662,1.081106605773089,1.02,1.02,1.02,0.8917277936292672,0.7023245581569822,0.29049198021411776,-0.049857980606236474,-0.04449751292932591,-0.06110492023535152
153.0,1.0698579806062365,1.064497512929326,1.0811049202353515,1.02,1.02,1.02,0.8907306340171425,0.7014346078983957,0.2892698818094107,-0.049856713346963843,-0.04449598836042412,-0.06110323474088264
154.0,1.0698567133469639,1.0644959883604241,1.0811032347408827,1.02,1.02,1.02,0.8897334997502032,0.7005446881311872,0.28804781711459304,-0.04985544612751469,-0.04449446383615974,-0.0611015492896807
155.0,1.0698554461275147,1.0644944638361598,1.0811015492896807,1.02,1.02,1.02,0.8887363908276529,0.699654798854464,0.28682578612879944,-0.049854178947887684,-0.04449293935653165,-0.0610998638817446
156.0,1.0698541789478877,1.0644929393565317,1.0810998638817446,1.02,1.02,1.02,0.8877393072486951,0.6987649400673334,0.28560378885116455,-0.04985291180808171,-0.04449141492153874,-0.061098178517072776
157.0,1.0698529118080817,1.0644914149215388,1.0810981785170728,1.02,1.02,1.02,0.8867422490125335,0.6978751117689026,0.2843818252808231,-0.049851644708095666,-0.04448989053117991,-0.06109649319566435
158.0,1.0698516447080957,1.06448989053118,1.0810964931956644,1.02,1.02,1.02,0.8857452161183716,0.696985313958279,0.28315989541690983,-0.04985037764792799,-0.044488366185454487,-0.06109480791751798
159.0,1.069850377647928,1.0644883661854545,1.081094807917518,1.02,1.02,1.02,0.8847482085654131,0.69609554663457,0.2819379992585595,-0.0498491106275778,-0.044486841884360695,-0.06109312268263212
160.0,1.0698491106275778,1.0644868418843607,1.0810931226826321,1.02,1.02,1.02,0.8837512263528616,0.6952058097968827,0.28071613680490687,-0.049847843647043755,-0.04448531762789787,-0.06109143749100565
161.0,1.0698478436470438,1.0644853176278979,1.0810914374910057,1.02,1.02,1.02,0.8827542694799208,0.6943161034443248,0.27949430805508674,-0.04984657670632453,-0.0444837934160649,-0.06108975234263725
162.0,1.0698465767063245,1.064483793416065,1.0810897523426373,1.02,1.02,1.02,0.8817573379457943,0.6934264275760035,0.27827251300823397,-0.049845309805419236,-0.04448226924886067,-0.0610880672375258
163.0,1.0698453098054193,1.0644822692488607,1.0810880672375258,1.02,1.02,1.02,0.8807604317496859,0.6925367821910262,0.2770507516634835,-0.04984404294432632,-0.04448074512628386,-0.06108638217566975
164.0,1.0698440429443263,1.0644807451262839,1.0810863821756698,1.02,1.02,1.02,0.8797635508907994,0.6916471672885005,0.27582902401997006,-0.04984277612304466,-0.044479221048333795,-0.06108469715706821
165.0,1.0698427761230447,1.0644792210483338,1.0810846971570682,1.02,1.02,1.02,0.8787666953683385,0.6907575828675339,0.2746073300768287,-0.049841509341573165,-0.04447769701500892,-0.06108301218171941
166.0,1.0698415093415732,1.064477697015009,1.0810830121817194,1.02,1.02,1.02,0.877769865181507,0.6898680289272336,0.2733856698331943,-0.04984024259991071,-0.044476173026308574,-0.06108132724962245
167.0,1.0698402425999107,1.0644761730263086,1.0810813272496225,1.02,1.02,1.02,0.8767730603295087,0.6889785054667075,0.2721640432882018,-0.04983897589805575,-0.0444746490822312,-0.06107964236077579
168.0,1.0698389758980558,1.0644746490822312,1.0810796423607758,1.02,1.02,1.02,0.8757762808115477,0.6880890124850628,0.2709424504409863,-0.04983770923600739,-0.04447312518277613,-0.061077957515178305
169.0,1.0698377092360074,1.0644731251827761,1.0810779575151783,1.02,1.02,1.02,0.8747795266268276,0.6871995499814073,0.2697208912906827,-0.0498364426137643,-0.044471601327942256,-0.061076272712828894
170.0,1.0698364426137643,1.0644716013279423,1.081076272712829,1.02,1.02,1.02,0.8737827977745523,0.6863101179548484,0.26849936583642614,-0.049835176031325146,-0.044470077517728246,-0.06107458795372578
171.0,1.0698351760313252,1.0644700775177283,1.0810745879537258,1.02,1.02,1.02,0.8727860942539257,0.6854207164044939,0.26727787407735165,-0.04983390948868882,-0.04446855375213299,-0.06107290323786807
172.0,1.0698339094886888,1.064468553752133,1.081072903237868,1.02,1.02,1.02,0.871789416064152,0.6845313453294513,0.2660564160125943,-0.049832642985854214,-0.0444670300311556,-0.06107121856525444
173.0,1.0698326429858542,1.0644670300311556,1.0810712185652545,1.02,1.02,1.02,0.8707927632044349,0.6836420047288282,0.2648349916412892,-0.049831376522820214,-0.04446550635479474,-0.061069533935883547
174.0,1.0698313765228202,1.0644655063547948,1.0810695339358836,1.02,1.02,1.02,0.8697961356739785,0.6827526946017323,0.2636136009625715,-0.04983011009958527,-0.044463982723049744,-0.061067849349754066
175.0,1.0698301100995853,1.0644639827230498,1.081067849349754,1.02,1.02,1.02,0.8687995334719868,0.6818634149472713,0.2623922439755764,-0.04982884371614826,-0.044462459135919064,-0.06106616480686489
176.0,1.0698288437161483,1.064462459135919,1.081066164806865,1.02,1.02,1.02,0.8678029565976638,0.6809741657645529,0.26117092067943914,-0.04982757737250809,-0.04446093559340181,-0.061064480307214675
177.0,1.069827577372508,1.0644609355934018,1.0810644803072147,1.02,1.02,1.02,0.8668064050502137,0.6800849470526849,0.25994963107329483,-0.04982631106866364,-0.044459412095496864,-0.061062795850801876
178.0,1.0698263110686637,1.0644594120954969,1.081062795850802,1.02,1.02,1.02,0.8658098788288404,0.6791957588107749,0.2587283751562788,-0.04982504480461358,-0.04445788864220335,-0.061061111437625604
179.0,1.0698250448046136,1.0644578886422034,1.0810611114376256,1.02,1.02,1.02,0.8648133779327482,0.6783066010379308,0.25750715292752624,-0.04982377858035658,-0.0444563652335197,-0.0610594270676843
180.0,1.0698237785803566,1.0644563652335197,1.0810594270676843,1.02,1.02,1.02,0.8638169023611411,0.6774174737332604,0.25628596438617257,-0.04982251239589153,-0.04445484186944526,-0.06105774274097686
181.0,1.0698225123958915,1.0644548418694453,1.0810577427409769,1.02,1.02,1.02,0.8628204521132232,0.6765283768958715,0.255064809531353,-0.04982124625121731,-0.04445331854997869,-0.06105605845750173
182.0,1.0698212462512173,1.0644533185499787,1.0810560584575017,1.02,1.02,1.02,0.8618240271881988,0.6756393105248719,0.253843688362203,-0.0498199801463326,-0.04445179527511911,-0.06105437421725801
183.0,1.0698199801463326,1.0644517952751191,1.081054374217258,1.02,1.02,1.02,0.8608276275852722,0.6747502746193695,0.2526226008778578,-0.04981871408123628,-0.04445027204486518,-0.06105269002024438
184.0,1.0698187140812363,1.0644502720448652,1.0810526900202444,1.02,1.02,1.02,0.8598312533036475,0.6738612691784722,0.25140154707745294,-0.04981744805592703,-0.044448748859216014,-0.061051005866459285
185.0,1.069817448055927,1.064448748859216,1.0810510058664593,1.02,1.02,1.02,0.858834904342529,0.6729722942012879,0.2501805269601238,-0.04981618207040395,-0.04444722571817028,-0.06104932175590161
186.0,1.069816182070404,1.0644472257181703,1.0810493217559016,1.02,1.02,1.02,0.8578385807011208,0.6720833496869245,0.24895954052500574,-0.049814916124665265,-0.04444570262172709,-0.06104763768857002
187.0,1.0698149161246653,1.064445702621727,1.08104763768857,1.02,1.02,1.02,0.8568422823786276,0.67119443563449,0.24773858777123434,-0.049813650218710315,-0.044444179569885556,-0.06104595366446319
188.0,1.0698136502187103,1.0644441795698856,1.0810459536644632,1.02,1.02,1.02,0.8558460093742534,0.6703055520430923,0.24651766869794509,-0.04981238435253754,-0.04444265656264412,-0.06104426968358023
189.0,1.0698123843525376,1.0644426565626441,1.0810442696835803,1.02,1.02,1.02,0.8548497616872026,0.6694166989118394,0.24529678330427349,-0.04981111852614584,-0.0444411336000019,-0.061042585745919364
190.0,1.0698111185261459,1.064441133600002,1.0810425857459194,1.02,1.02,1.02,0.8538535393166797,0.6685278762398393,0.2440759315893551,-0.04980985273953409,-0.044439610681957786,-0.06104090185147948
191.0,1.069809852739534,1.0644396106819578,1.0810409018514795,1.02,1.02,1.02,0.852857342261889,0.6676390840262002,0.2428551135523255,-0.049808586992700965,-0.044438087808510884,-0.06103921800025924
192.0,1.069808586992701,1.064438087808511,1.0810392180002593,1.02,1.02,1.02,0.851861170522035,0.66675032227003,0.2416343291923203,-0.049807321285645356,-0.044436564979659865,-0.06103753419225755
193.0,1.0698073212856454,1.0644365649796599,1.0810375341922576,1.02,1.02,1.02,0.8508650240963221,0.6658615909704367,0.24041357850847517,-0.04980605561836593,-0.04443504219540362,-0.06103585042747306
194.0,1.069806055618366,1.0644350421954036,1.081035850427473,1.02,1.02,1.02,0.8498689029839548,0.6649728901265287,0.23919286149992572,-0.049804789990861575,-0.044433519455741255,-0.06103416670590445
195.0,1.0698047899908616,1.0644335194557413,1.0810341667059045,1.02,1.02,1.02,0.8488728071841376,0.6640842197374139,0.23797217816580762,-0.04980352440313096,-0.044431996760671444,-0.06103248302755038
196.0,1.069803524403131,1.0644319967606715,1.0810324830275504,1.02,1.02,1.02,0.847876736696075,0.6631955798022006,0.2367515285052566,-0.0498022588551732,-0.044430474110193297,-0.06103079939240974
197.0,1.0698022588551732,1.0644304741101933,1.0810307993924098,1.02,1.02,1.02,0.8468806915189715,0.6623069703199967,0.2355309125174084,-0.04980099334698673,-0.0444289515043057,-0.061029115800481204
198.0,1.0698009933469868,1.0644289515043057,1.0810291158004812,1.02,1.02,1.02,0.8458846716520317,0.6614183912899106,0.23431033020139877,-0.049799727878570454,-0.04442742894300733,-0.061027432251763436
199.0,1.0697997278785705,1.0644274289430073,1.0810274322517635,1.02,1.02,1.02,0.8448886770944604,0.6605298427110505,0.2330897815563635,-0.04979846244992325,-0.04442590642629751,-0.061025748746255104
200.0,1.0697984624499233,1.0644259064262975,1.0810257487462551,1.02,1.02,1.02,0.8438927078454619,0.6596413245825246,0.23186926658143842,-0.049797197061043796,-0.044424383954174695,-0.061024065283954876
201.0,1.0697971970610438,1.0644243839541747,1.081024065283955,1.02,1.02,1.02,0.8428967639042411,0.6587528369034411,0.23064878527575933,-0.049795931711930974,-0.04442286152663821,-0.06102238186486186
202.0,1.069795931711931,1.0644228615266382,1.0810223818648619,1.02,1.02,1.02,0.8419008452700024,0.6578643796729083,0.2294283376384621,-0.049794666402583454,-0.04442133914368673,-0.06102069848897429
203.0,1.0697946664025835,1.0644213391436868,1.0810206984889743,1.02,1.02,1.02,0.8409049519419507,0.6569759528900346,0.22820792366868262,-0.049793401133000126,-0.044419816805319146,-0.06101901515629127
204.0,1.0697934011330001,1.0644198168053192,1.0810190151562913,1.02,1.02,1.02,0.8399090839192906,0.6560875565539283,0.2269875433655568,-0.04979213590317988,-0.04441829451153434,-0.06101733186681124
205.0,1.06979213590318,1.0644182945115344,1.0810173318668113,1.02,1.02,1.02,0.838913241201227,0.6551991906636976,0.22576719672822057,-0.04979087071312116,-0.04441677226233143,-0.0610156486205331
206.0,1.0697908707131212,1.0644167722623314,1.0810156486205331,1.02,1.02,1.02,0.8379174237869645,0.654310855218451,0.22454688375580992,-0.0497896055628233,-0.04441525005770908,-0.06101396541745552
207.0,1.0697896055628233,1.064415250057709,1.0810139654174555,1.02,1.02,1.02,0.8369216316757081,0.6534225502172968,0.2233266044474608,-0.04978834045228453,-0.04441372789766662,-0.061012282257577155
208.0,1.0697883404522845,1.0644137278976666,1.0810122822575772,1.02,1.02,1.02,0.8359258648666624,0.6525342756593434,0.22210635880230925,-0.049787075381503954,-0.044412205782202285,-0.06101059914089668
209.0,1.069787075381504,1.0644122057822023,1.0810105991408967,1.02,1.02,1.02,0.8349301233590324,0.6516460315436994,0.2208861468194913,-0.04978581035048024,-0.044410683711315624,-0.06100891606741321
210.0,1.0697858103504803,1.0644106837113156,1.0810089160674132,1.02,1.02,1.02,0.8339344071520228,0.6507578178694731,0.21966596849814304,-0.049784545359212506,-0.044409161685005305,-0.061007233037124964
211.0,1.0697845453592125,1.0644091616850053,1.081007233037125,1.02,1.02,1.02,0.8329387162448386,0.649869634635773,0.21844582383740055,-0.04978328040769897,-0.04440763970327,-0.061005550050031054
212.0,1.069783280407699,1.06440763970327,1.081005550050031,1.02,1.02,1.02,0.8319430506366846,0.6489814818417076,0.21722571283639994,-0.04978201549593897,-0.04440611776610903,-0.06100386710612993
213.0,1.069782015495939,1.064406117766109,1.08100386710613,1.02,1.02,1.02,0.8309474103267658,0.6480933594863854,0.21600563549427734,-0.04978075062393095,-0.04440459587352086,-0.06100218420542047
214.0,1.069780750623931,1.0644045958735209,1.0810021842054205,1.02,1.02,1.02,0.8299517953142872,0.6472052675689149,0.21478559181016893,-0.049779485791673794,-0.04440307402550481,-0.06100050134790114
215.0,1.0697794857916738,1.0644030740255048,1.0810005013479012,1.02,1.02,1.02,0.8289562055984537,0.6463172060884048,0.21356558178321092,-0.04977822099916618,-0.04440155222205977,-0.06099881853357103
216.0,1.0697782209991662,1.0644015522220598,1.080998818533571,1.02,1.02,1.02,0.8279606411784705,0.6454291750439636,0.2123456054125395,-0.04977695624640721,-0.044400030463184414,-0.06099713576242882
217.0,1.0697769562464072,1.0644000304631844,1.0809971357624288,1.02,1.02,1.02,0.8269651020535423,0.6445411744346999,0.2111256626972909,-0.04977569153339556,-0.04439850874887763,-0.06099545303447296
218.0,1.0697756915333956,1.0643985087488776,1.080995453034473,1.02,1.02,1.02,0.8259695882228745,0.6436532042597224,0.20990575363660144,-0.049774426860129894,-0.04439698707913853,-0.060993770349702325
219.0,1.06977442686013,1.0643969870791385,1.0809937703497023,1.02,1.02,1.02,0.8249740996856719,0.6427652645181396,0.20868587822960738,-0.0497731622266091,-0.044395465453966,-0.060992087708115594
220.0,1.0697731622266091,1.064395465453966,1.0809920877081156,1.02,1.02,1.02,0.8239786364411398,0.6418773552090603,0.20746603647544506,-0.04977189763283185,-0.04439394387335871,-0.060990405109711654
221.0,1.0697718976328319,1.0643939438733587,1.0809904051097117,1.02,1.02,1.02,0.8229831984884831,0.6409894763315931,0.20624622837325082,-0.04977063307879703,-0.04439242233731577,-0.06098872255448895
222.0,1.069770633078797,1.0643924223373158,1.080988722554489,1.02,1.02,1.02,0.8219877858269071,0.6401016278848468,0.20502645392216104,-0.049769368564503536,-0.0443909008458363,-0.06098704004244637
223.0,1.0697693685645036,1.0643909008458363,1.0809870400424464,1.02,1.02,1.02,0.820992398455617,0.6392138098679301,0.2038067131213121,-0.04976810408995003,-0.04438937939891874,-0.06098535757358281
224.0,1.06976810408995,1.0643893793989188,1.0809853575735828,1.02,1.02,1.02,0.819997036373818,0.6383260222799517,0.20258700596984044,-0.0497668396551354,-0.04438785799656242,-0.06098367514789671
225.0,1.0697668396551354,1.0643878579965624,1.0809836751478967,1.02,1.02,1.02,0.8190016995807153,0.6374382651200204,0.20136733246688251,-0.049765575260058315,-0.04438633663876601,-0.06098199276538674
226.0,1.0697655752600583,1.064386336638766,1.0809819927653868,1.02,1.02,1.02,0.8180063880755142,0.6365505383872451,0.20014769261157478,-0.049764310904717446,-0.044384815325528404,-0.06098031042605201
227.0,1.0697643109047175,1.0643848153255284,1.080980310426052,1.02,1.02,1.02,0.8170111018574199,0.6356628420807345,0.19892808640305373,-0.0497630465891119,-0.04438329405684871,-0.060978628129890966
228.0,1.069763046589112,1.0643832940568487,1.080978628129891,1.02,1.02,1.02,0.8160158409256376,0.6347751761995976,0.1977085138404559,-0.049761782313240355,-0.0443817728327256,-0.06097694587690228
229.0,1.0697617823132404,1.0643817728327256,1.0809769458769023,1.02,1.02,1.02,0.8150206052793728,0.6338875407429431,0.19648897492291786,-0.04976051807710169,-0.044380251653158176,-0.06097526366708461
230.0,1.0697605180771017,1.0643802516531582,1.0809752636670846,1.02,1.02,1.02,0.8140253949178308,0.6329999357098799,0.19526946964957617,-0.049759253880694354,-0.044378730518145115,-0.06097358150043708
231.0,1.0697592538806944,1.0643787305181451,1.080973581500437,1.02,1.02,1.02,0.8130302098402169,0.632112361099517,0.19404999801956743,-0.04975798972401746,-0.04437720942768575,-0.06097189937695813
232.0,1.0697579897240175,1.0643772094276858,1.0809718993769581,1.02,1.02,1.02,0.8120350500457365,0.6312248169109632,0.19283056003202828,-0.049756725607069896,-0.04437568838177852,-0.06097021729664642
233.0,1.06975672560707,1.0643756883817785,1.0809702172966464,1.02,1.02,1.02,0.8110399155335951,0.6303373031433277,0.19161115568609535,-0.04975546152985011,-0.04437416738042255,-0.060968535259500856
234.0,1.0697554615298501,1.0643741673804226,1.0809685352595009,1.02,1.02,1.02,0.8100448063029981,0.6294498197957192,0.19039178498090534,-0.04975419749235699,-0.04437264642361671,-0.06096685326552009
235.0,1.069754197492357,1.0643726464236167,1.0809668532655201,1.02,1.02,1.02,0.809049722353151,0.6285623668672469,0.18917244791559493,-0.049752933494589424,-0.04437112551136013,-0.060965171314702804
236.0,1.0697529334945894,1.0643711255113601,1.0809651713147028,1.02,1.02,1.02,0.8080546636832592,0.6276749443570196,0.18795314448930087,-0.049751669536546306,-0.04436960464365147,-0.060963489407047655
237.0,1.0697516695365463,1.0643696046436515,1.0809634894070477,1.02,1.02,1.02,0.8070596302925283,0.6267875522641466,0.1867338747011599,-0.0497504056182263,-0.04436808382048962,-0.06096180754255376
238.0,1.0697504056182263,1.0643680838204896,1.0809618075425538,1.02,1.02,1.02,0.8060646221801637,0.6259001905877368,0.18551463855030884,-0.04974914173962808,-0.0443665630418737,-0.06096012572121934
239.0,1.069749141739628,1.0643665630418737,1.0809601257212194,1.02,1.02,1.02,0.8050696393453711,0.6250128593268993,0.18429543603588444,-0.049747877900750526,-0.04436504230780236,-0.06095844394304328
240.0,1.0697478779007505,1.0643650423078024,1.0809584439430433,1.02,1.02,1.02,0.8040746817873561,0.6241255584807432,0.18307626715702358,-0.049746614101592534,-0.044363521618274726,-0.06095676220802426
241.0,1.0697466141015926,1.0643635216182747,1.0809567622080243,1.02,1.02,1.02,0.8030797495053242,0.6232382880483778,0.1818571319128631,-0.04974535034215277,-0.04436200097328946,-0.060955080516161386
242.0,1.0697453503421528,1.0643620009732895,1.0809550805161614,1.02,1.02,1.02,0.8020848424984812,0.622351048028912,0.18063803030253986,-0.04974408662243035,-0.0443604803728459,-0.06095339886745288
243.0,1.0697440866224304,1.064360480372846,1.080953398867453,1.02,1.02,1.02,0.8010899607660326,0.621463838421455,0.1794189623251908,-0.04974282294242349,-0.04435895981694249,-0.06095171726189763
244.0,1.0697428229424235,1.0643589598169425,1.0809517172618976,1.02,1.02,1.02,0.8000951043071841,0.6205766592251162,0.17819992797995285,-0.04974155930213131,-0.04435743930557834,-0.06095003569949453
245.0,1.0697415593021313,1.0643574393055784,1.0809500356994945,1.02,1.02,1.02,0.7991002731211415,0.6196895104390047,0.17698092726596296,-0.049740295701552695,-0.04435591883875256,-0.060948354180242026
246.0,1.0697402957015527,1.0643559188387526,1.080948354180242,1.02,1.02,1.02,0.7981054672071105,0.6188023920622296,0.17576196018235812,-0.04973903214068631,-0.0443543984164636,-0.060946672704139004
247.0,1.0697390321406863,1.0643543984164636,1.080946672704139,1.02,1.02,1.02,0.7971106865642967,0.6179153040939004,0.17454302672827535,-0.04973776861953105,-0.0443528780387108,-0.06094499127118436
248.0,1.069737768619531,1.0643528780387108,1.0809449912711844,1.02,1.02,1.02,0.7961159311919062,0.6170282465331262,0.17332412690285165,-0.049736505138085585,-0.04435135770549303,-0.06094330988137653
249.0,1.0697365051380856,1.064351357705493,1.0809433098813765,1.02,1.02,1.02,0.7951212010891444,0.6161412193790163,0.1721052607052241,-0.049735241696348576,-0.04434983741680898,-0.06094162853471419
250.0,1.0697352416963486,1.064349837416809,1.0809416285347142,1.02,1.02,1.02,0.7941264962552175,0.6152542226306802,0.17088642813452984,-0.04973397829431914,-0.044348317172657525,-0.060939947231196445
251.0,1.0697339782943192,1.0643483171726575,1.0809399472311965,1.02,1.02,1.02,0.7931318166893311,0.614367256287227,0.1696676291899059,-0.049732714931995936,-0.04434679697303778,-0.06093826597082175
252.0,1.069732714931996,1.0643467969730378,1.0809382659708218,1.02,1.02,1.02,0.7921371623906912,0.6134803203477662,0.16844886387048946,-0.04973145160937764,-0.04434527681794864,-0.06093658475358876
253.0,1.0697314516093777,1.0643452768179487,1.0809365847535888,1.02,1.02,1.02,0.7911425333585037,0.6125934148114073,0.16723013217541768,-0.049730188326463365,-0.04434375670738899,-0.06093490357949638
254.0,1.0697301883264634,1.064343756707389,1.0809349035794964,1.02,1.02,1.02,0.7901479295919744,0.6117065396772595,0.16601143410382777,-0.04972892508325155,-0.044342236641357724,-0.060933222448543045
255.0,1.0697289250832516,1.0643422366413577,1.080933222448543,1.02,1.02,1.02,0.7891533510903094,0.6108196949444323,0.1647927696548569,-0.04972766187974109,-0.044340716619853726,-0.06093154136072787
256.0,1.069727661879741,1.0643407166198537,1.0809315413607279,1.02,1.02,1.02,0.7881587978527146,0.6099328806120352,0.16357413882764235,-0.049726398715930875,-0.04433919664287589,-0.06092986031604952
257.0,1.069726398715931,1.064339196642876,1.0809298603160495,1.02,1.02,1.02,0.7871642698783959,0.6090460966791776,0.16235554162132135,-0.04972513559181957,-0.0443376767104231,-0.06092817931450645
258.0,1.0697251355918196,1.0643376767104231,1.0809281793145065,1.02,1.02,1.02,0.7861697671665595,0.6081593431449692,0.16113697803503121,-0.049723872507406064,-0.04433615682249448,-0.060926498356097536
259.0,1.069723872507406,1.0643361568224945,1.0809264983560976,1.02,1.02,1.02,0.7851752897164114,0.6072726200085193,0.15991844806790925,-0.04972260946268903,-0.04433463697908868,-0.060924817440821455
260.0,1.069722609462689,1.0643346369790887,1.0809248174408215,1.02,1.02,1.02,0.7841808375271576,0.6063859272689376,0.15869995171909282,-0.04972134645766757,-0.044333117180204606,-0.060923136568677094
261.0,1.0697213464576676,1.0643331171802046,1.0809231365686771,1.02,1.02,1.02,0.7831864105980043,0.6054992649253335,0.15748148898771927,-0.04972008349234014,-0.044331597425841585,-0.0609214557396629
262.0,1.0697200834923402,1.0643315974258416,1.080921455739663,1.02,1.02,1.02,0.7821920089281575,0.6046126329768167,0.15626305987292602,-0.049718820566705624,-0.04433007771599806,-0.06091977495377776
263.0,1.0697188205667056,1.064330077715998,1.0809197749537778,1.02,1.02,1.02,0.7811976325168234,0.6037260314224967,0.15504466437385048,-0.049717557680762914,-0.04432855805067293,-0.06091809421102057
264.0,1.069717557680763,1.064328558050673,1.0809180942110206,1.02,1.02,1.02,0.7802032813632082,0.6028394602614833,0.15382630248963006,-0.04971629483451068,-0.04432703842986552,-0.060916413511389766
265.0,1.0697162948345107,1.0643270384298655,1.0809164135113898,1.02,1.02,1.02,0.7792089554665179,0.601952919492886,0.15260797421940225,-0.0497150320279478,-0.0443255188535745,-0.060914732854884246
266.0,1.0697150320279478,1.0643255188535745,1.0809147328548843,1.02,1.02,1.02,0.778214654825959,0.6010664091158145,0.15138967956230456,-0.04971376926107296,-0.04432399932179876,-0.060913052241502674
267.0,1.069713769261073,1.0643239993217988,1.0809130522415027,1.02,1.02,1.02,0.7772203794407375,0.6001799291293786,0.1501714185174745,-0.04971250653388504,-0.04432247983453719,-0.06091137167124372
268.0,1.069712506533885,1.0643224798345372,1.0809113716712437,1.02,1.02,1.02,0.7762261293100599,0.5992934795326879,0.14895319108404964,-0.049711243846382924,-0.0443209603917889,-0.06090969114410605
269.0,1.069711243846383,1.064320960391789,1.080909691144106,1.02,1.02,1.02,0.7752319044331322,0.598407060324852,0.1477349972611675,-0.04970998119856529,-0.04431944099355256,-0.06090801066008855
270.0,1.0697099811985653,1.0643194409935526,1.0809080106600886,1.02,1.02,1.02,0.7742377048091609,0.597520671504981,0.14651683704796575,-0.04970871859043102,-0.04431792163982706,-0.06090633021919012
271.0,1.069708718590431,1.064317921639827,1.0809063302191901,1.02,1.02,1.02,0.7732435304373523,0.5966343130721845,0.14529871044358195,-0.04970745602197879,-0.044316402330611515,-0.060904649821408974
272.0,1.0697074560219788,1.0643164023306115,1.080904649821409,1.02,1.02,1.02,0.7722493813169127,0.5957479850255722,0.14408061744715378,-0.04970619349320726,-0.04431488306590481,-0.06090296946674423
273.0,1.0697061934932073,1.0643148830659048,1.0809029694667442,1.02,1.02,1.02,0.7712552574470485,0.5948616873642542,0.1428625580578189,-0.04970493100411555,-0.04431336384570561,-0.06090128915519455
274.0,1.0697049310041156,1.0643133638457056,1.0809012891551946,1.02,1.02,1.02,0.7702611588269662,0.5939754200873401,0.141644532274715,-0.04970366855470232,-0.044311844670013256,-0.060899608886758605
275.0,1.0697036685547023,1.0643118446700133,1.0808996088867586,1.02,1.02,1.02,0.7692670854558722,0.5930891831939398,0.14042654009697983,-0.04970240614496646,-0.04431032553882619,-0.06089792866143506
276.0,1.0697024061449665,1.0643103255388262,1.080897928661435,1.02,1.02,1.02,0.7682730373329728,0.5922029766831632,0.13920858152375112,-0.04970114377490664,-0.044308806452143745,-0.060896248479222814
277.0,1.0697011437749067,1.0643088064521438,1.0808962484792228,1.02,1.02,1.02,0.7672790144574747,0.5913168005541204,0.13799065655416667,-0.04969988144452153,-0.04430728740996459,-0.0608945683401203
278.0,1.0696998814445215,1.0643072874099646,1.0808945683401203,1.02,1.02,1.02,0.7662850168285843,0.590430654805921,0.13677276518736428,-0.04969861915381002,-0.044305768412287616,-0.06089288824412664
279.0,1.06969861915381,1.0643057684122876,1.0808928882441267,1.02,1.02,1.02,0.7652910444455081,0.5895445394376753,0.13555490742248175,-0.04969735690277122,-0.04430424945911171,-0.060891208191240054
280.0,1.0696973569027712,1.0643042494591117,1.08089120819124,1.02,1.02,1.02,0.7642970973074527,0.5886584544484931,0.13433708325865695,-0.04969609469140335,-0.04430273055043599,-0.06088952818145987
281.0,1.0696960946914034,1.064302730550436,1.08088952818146,1.02,1.02,1.02,0.7633031754136246,0.5877723998374843,0.13311929269502776,-0.049694832519705745,-0.044301211686259334,-0.060887848214784324
282.0,1.0696948325197058,1.0643012116862594,1.0808878482147843,1.02,1.02,1.02,0.7623092787632305,0.5868863756037591,0.13190153573073207,-0.049693570387676855,-0.04429969286658042,-0.060886168291212295
283.0,1.0696935703876769,1.0642996928665804,1.0808861682912123,1.02,1.02,1.02,0.761315407355477,0.5860003817464275,0.13068381236490784,-0.04969230829531557,-0.04429817409139836,-0.060884488410742676
284.0,1.0696923082953156,1.0642981740913984,1.0808844884107427,1.02,1.02,1.02,0.7603215611895706,0.5851144182645995,0.129466122596693,-0.04969104624262077,-0.044296655360712034,-0.060882808573373914
285.0,1.0696910462426208,1.064296655360712,1.080882808573374,1.02,1.02,1.02,0.7593277402647182,0.5842284851573853,0.1282484664252255,-0.04968978422959114,-0.04429513667452034,-0.0608811287791049
286.0,1.0696897842295912,1.0642951366745204,1.080881128779105,1.02,1.02,1.02,0.7583339445801264,0.5833425824238949,0.1270308438496434,-0.049688522256225554,-0.04429361803282217,-0.06087944902793452
287.0,1.0696885222562256,1.0642936180328222,1.0808794490279345,1.02,1.02,1.02,0.7573401741350019,0.5824567100632385,0.1258132548690847,-0.049687260322522686,-0.04429209943561663,-0.060877769319861
288.0,1.0696872603225227,1.0642920994356166,1.080877769319861,1.02,1.02,1.02,0.7563464289285514,0.5815708680745262,0.12459569948268749,-0.049685998428481426,-0.044290580882902164,-0.06087608965488345
289.0,1.0696859984284814,1.0642905808829022,1.0808760896548835,1.02,1.02,1.02,0.7553527089599817,0.5806850564568682,0.12337817768958982,-0.04968473657410066,-0.04428906237467811,-0.06087441003300076
290.0,1.0696847365741007,1.0642890623746781,1.0808744100330008,1.02,1.02,1.02,0.7543590142284997,0.5797992752093746,0.1221606894889298,-0.04968347475937884,-0.04428754391094336,-0.060872730454211155
291.0,1.0696834747593789,1.0642875439109434,1.0808727304542112,1.02,1.02,1.02,0.7533653447333122,0.5789135243311557,0.12094323487984558,-0.0496822129843153,-0.04428602549169658,-0.060871050918513525
292.0,1.0696822129843153,1.0642860254916966,1.0808710509185135,1.02,1.02,1.02,0.7523717004736259,0.5780278038213218,0.11972581386147531,-0.049680951248908256,-0.04428450711693688,-0.06086937142590698
293.0,1.0696809512489083,1.064284507116937,1.080869371425907,1.02,1.02,1.02,0.7513780814486477,0.577142113678983,0.11850842643295717,-0.04967968955315705,-0.044282988786662925,-0.06086769197638975
294.0,1.069679689553157,1.064282988786663,1.0808676919763898,1.02,1.02,1.02,0.7503844876575846,0.5762564539032498,0.11729107259342937,-0.049678427897059896,-0.044281470500874054,-0.06086601256996094
295.0,1.06967842789706,1.064281470500874,1.080866012569961,1.02,1.02,1.02,0.7493909190996434,0.5753708244932323,0.11607375234203016,-0.049677166280616136,-0.04427995225956871,-0.06086433320661899
296.0,1.0696771662806162,1.0642799522595687,1.080864333206619,1.02,1.02,1.02,0.7483973757740311,0.5744852254480409,0.11485646567789777,-0.049675904703824214,-0.04427843406274623,-0.06086265388636258
297.0,1.0696759047038242,1.0642784340627462,1.0808626538863626,1.02,1.02,1.02,0.7474038576799547,0.573599656766786,0.11363921260017051,-0.04967464316668302,-0.04427691591040528,-0.06086097460919082
298.0,1.069674643166683,1.0642769159104053,1.0808609746091908,1.02,1.02,1.02,0.746410364816621,0.5727141184485779,0.1124219931079867,-0.04967338166919144,-0.04427539780254475,-0.06085929537510215
299.0,1.0696733816691915,1.0642753978025448,1.0808592953751022,1.02,1.02,1.02,0.7454168971832372,0.571828610492527,0.11120480720048466,-0.04967212021134815,-0.044273879739163746,-0.06085761618409524
300.0,1.0696721202113482,1.0642738797391638,1.0808576161840953,1.02,1.02,1.02,0.7444234547790103,0.5709431328977437,0.10998765487680276,-0.04967085879315203,-0.044272361720260944,-0.06085593703616898
301.0,1.069670858793152,1.064272361720261,1.080855937036169,1.02,1.02,1.02,0.7434300376031473,0.5700576856633385,0.10877053613607938,-0.04966959741460175,-0.04427084374583523,-0.06085425793132204
302.0,1.0696695974146018,1.0642708437458352,1.080854257931322,1.02,1.02,1.02,0.7424366456548552,0.5691722687884218,0.10755345097745295,-0.04966833607569621,-0.04426932581588594,-0.06085257886955331
303.0,1.0696683360756962,1.064269325815886,1.0808525788695533,1.02,1.02,1.02,0.7414432789333413,0.568286882272104,0.10633639940006188,-0.049667074776434283,-0.04426780793041152,-0.06085089985086123
304.0,1.0696670747764343,1.0642678079304115,1.0808508998508612,1.02,1.02,1.02,0.7404499374378126,0.5674015261134958,0.10511938140304466,-0.04966581351681465,-0.044266290089411076,-0.06084922087524447
305.0,1.0696658135168147,1.064266290089411,1.0808492208752445,1.02,1.02,1.02,0.7394566211674763,0.5665162003117076,0.10390239698553977,-0.04966455229683597,-0.0442647722928835,-0.060847541942702144
306.0,1.069664552296836,1.0642647722928835,1.0808475419427022,1.02,1.02,1.02,0.7384633301215396,0.5656309048658499,0.10268544614668573,-0.049663291116497366,-0.04426325454082791,-0.060845863053232696
307.0,1.0696632911164974,1.064263254540828,1.0808458630532327,1.02,1.02,1.02,0.7374700642992097,0.5647456397750333,0.10146852888562108,-0.04966202997579727,-0.04426173683324275,-0.06084418420683502
308.0,1.0696620299757973,1.0642617368332428,1.080844184206835,1.02,1.02,1.02,0.7364768236996937,0.5638604050383684,0.10025164520148439,-0.049660768874734806,-0.044260219170127346,-0.060842505403507774
309.0,1.0696607688747348,1.0642602191701274,1.0808425054035078,1.02,1.02,1.02,0.735483608322199,0.5629752006549659,0.1,-0.04965783429121151,-0.04425529953527452,-0.060810488290006015
310.0,1.0696578342912115,1.0642552995352745,1.080810488290006,1.02,1.02,1.02,0.7344904516363747,0.5620900946642604,0.1,-0.04965601376013984,-0.04425435960475266,-0.060801327769175906
311.0,1.0696560137601399,1.0642543596047527,1.080801327769176,1.02,1.02,1.02,0.7334973313611719,0.5612050074721654,0.1,-0.04965459982803533,-0.044254692701442444,-0.060800188380703224
312.0,1.0696545998280353,1.0642546927014425,1.0808001883807032,1.02,1.02,1.02,0.7325042393646112,0.5603199136181366,0.1,-0.04965318653358253,-0.044255026895501315,-0.060799049050910936
313.0,1.0696531865335825,1.0642550268955013,1.080799049050911,1.02,1.02,1.02,0.7315111756339395,0.5594348130802266,0.1,-0.04965177324806991,-0.04425536107335848,-0.0607979097566449
314.0,1.06965177324807,1.0642553610733585,1.080797909756645,1.02,1.02,1.02,0.7305181401689781,0.5585497058587594,0.1,-0.04965035997061129,-0.044255695234178605,-0.06079677049782406
315.0,1.0696503599706113,1.0642556952341786,1.080796770497824,1.02,1.02,1.02,0.7295251329695659,0.5576645919540758,0.1,-0.04964894670120534,-0.044256029377961026,-0.06079563127444776
316.0,1.0696489467012054,1.064256029377961,1.0807956312744478,1.02,1.02,1.02,0.7285321540355418,0.5567794713665166,0.1,-0.04964753343985251,-0.044256363504706187,-0.060794492086516216
317.0,1.0696475334398525,1.0642563635047062,1.0807944920865162,1.02,1.02,1.02,0.7275392033667448,0.5558943440964225,0.1,-0.04964612018655301,-0.04425669761441431,-0.060793352934028766
318.0,1.069646120186553,1.0642566976144143,1.0807933529340288,1.02,1.02,1.02,0.7265462809630138,0.5550092101441342,0.1,-0.04964470694130707,-0.04425703170708539,-0.060792213816985186
319.0,1.069644706941307,1.0642570317070854,1.0807922138169852,1.02,1.02,1.02,0.7255533868241876,0.5541240695099925,0.1,-0.04964329370411513,-0.04425736578271988,-0.0607910747353857
320.0,1.0696432937041152,1.06425736578272,1.0807910747353857,1.02,1.02,1.02,0.7245605209501053,0.5532389221943381,0.1,-0.049641880474977196,-0.044257699841317555,-0.060789935689229635
321.0,1.0696418804749772,1.0642576998413176,1.0807899356892297,1.02,1.02,1.02,0.7235676833406057,0.5523537681975118,0.1,-0.049640467253893705,-0.044258033882878856,-0.06078879667851678
322.0,1.0696404672538937,1.0642580338828789,1.0807887966785168,1.02,1.02,1.02,0.7225748739955279,0.5514686075198543,0.1,-0.04963905404086466,-0.044258367907403784,-0.060787657703247344
323.0,1.0696390540408647,1.0642583679074038,1.0807876577032474,1.02,1.02,1.02,0.7215820929147106,0.5505834401617062,0.1,-0.04963764083589073,-0.04425870191489256,-0.06078651876342045
324.0,1.0696376408358907,1.0642587019148926,1.0807865187634205,1.02,1.02,1.02,0.7205893400979928,0.5496982661234084,0.1,-0.04963622763897191,-0.04425903590534541,-0.06078537985903654
325.0,1.069636227638972,1.0642590359053454,1.0807853798590366,1.02,1.02,1.02,0.7195966155452134,0.5488130854053015,0.1,-0.049634814450108644,-0.044259369878762556,-0.06078424099009472
326.0,1.0696348144501087,1.0642593698787626,1.0807842409900947,1.02,1.02,1.02,0.7186039192562111,0.5479278980077262,0.1,-0.049633401269300936,-0.04425970383514399,-0.060783102156595215
327.0,1.069633401269301,1.064259703835144,1.0807831021565952,1.02,1.02,1.02,0.7176112512308251,0.5470427039310234,0.1,-0.04963198809654901,-0.04426003777449017,-0.060781963358537805
328.0,1.069631988096549,1.0642600377744902,1.0807819633585378,1.02,1.02,1.02,0.7166186114688942,0.5461575031755336,0.1,-0.04963057493185352,-0.04426037169680086,-0.060780824595922045
329.0,1.0696305749318535,1.0642603716968009,1.080780824595922,1.02,1.02,1.02,0.7156259999702571,0.5452722957415975,0.1,-0.04962916177521448,-0.04426070560207651,-0.06077968586874771
330.0,1.0696291617752145,1.0642607056020765,1.0807796858687477,1.02,1.02,1.02,0.7146334167347528,0.544387081629556,0.1,-0.04962774862663211,-0.044261039490317344,-0.060778547177014586
331.0,1.0696277486266321,1.0642610394903174,1.0807785471770146,1.02,1.02,1.02,0.7136408617622202,0.5435018608397496,0.1,-0.04962633548610662,-0.04426137336152314,-0.060777408520722664
332.0,1.0696263354861066,1.0642613733615232,1.0807774085207227,1.02,1.02,1.02,0.712648335052498,0.5426166333725192,0.1,-0.04962492235363847,-0.04426170721569456,-0.06077626989987128
333.0,1.0696249223536385,1.0642617072156946,1.0807762698998713,1.02,1.02,1.02,0.7116558366054253,0.5417313992282053,0.1,-0.04962350922922787,-0.04426204105283138,-0.06077513131446066
334.0,1.0696235092292279,1.0642620410528314,1.0807751313144607,1.02,1.02,1.02,0.7106633664208407,0.5408461584071487,0.1,-0.049622096112874825,-0.04426237487293405,-0.06077399276449036
335.0,1.0696220961128748,1.064262374872934,1.0807739927644904,1.02,1.02,1.02,0.7096709244985833,0.53996091090969,0.1,-0.04962068300458,-0.04426270867600257,-0.06077285424996015
336.0,1.06962068300458,1.0642627086760026,1.0807728542499602,1.02,1.02,1.02,0.7086785108384916,0.53907565673617,0.1,,,
