t_s,y_pred,u_cmd,error,reference
0.0,-1.3057061930775151,0.4932139416158203,,
1.0,-1.3057061930775153,0.3,251.30570619307753,250.0
2.0,-2.1555692972043397,0.3,252.15556929720435,250.0
3.0,-4.23121507038447,0.3,254.23121507038448,250.0
4.0,-7.67917396548583,0.3,257.6791739654858,250.0
5.0,-11.88195742504898,0.3,261.881957425049,250.0
6.0,-16.22788840008786,0.3,266.22788840008786,250.0
7.0,-20.1823585844739,0.3,270.1823585844739,250.0
8.0,-23.33904995556565,0.3,273.33904995556566,250.0
9.0,-25.448156307368546,0.3,275.44815630736855,250.0
10.0,-26.421808728769662,0.3,276.42180872876963,250.0
11.0,-26.319566542893742,0.3,276.31956654289377,250.0
12.0,-25.318747057514614,0.3,275.3187470575146,250.0
13.0,-23.675422615945944,0.3,273.67542261594593,250.0
14.0,-21.682119013043675,0.3,271.6821190130437,250.0
15.0,-19.627711596491764,0.3,269.62771159649174,250.0
16.0,-17.763911912536777,0.3,267.7639119125368,250.0
17.0,-16.28128562971589,0.3,266.2812856297159,250.0
18.0,-15.296166523099988,0.3,265.2961665231,250.0
19.0,-14.848336434785994,0.3,264.848336434786,250.0
20.0,-14.908091215109968,0.3,264.90809121510995,250.0
21.0,-15.390417500440227,0.3,265.3904175004402,250.0
22.0,-16.17351589245006,0.3,266.17351589245004,250.0
23.0,-17.118818044655328,0.3,267.1188180446553,250.0
24.0,-18.089907092464856,0.3,268.08990709246484,250.0
25.0,-18.968278128831592,0.3,268.96827812883157,250.0
26.0,-19.664565080071437,0.3,269.66456508007144,250.0
27.0,-20.124606085534413,0.3,270.1246060855344,250.0
28.0,-20.330424749878947,0.3,270.33042474987894,250.0
29.0,-20.296792447082193,0.3,270.29679244708217,250.0
30.0,-20.064455917348795,0.3,270.0644559173488,250.0
31.0,-19.69134120137422,0.3,269.6913412013742,250.0
32.0,-19.24308227951567,0.3,269.24308227951565,250.0
33.0,-18.78409532806542,0.3,268.7840953280654,250.0
34.0,-18.37016761487502,0.3,268.370167614875,250.0
35.0,-18.043202556675737,0.3,268.04320255667574,250.0
36.0,-17.828409594262485,0.3,267.8284095942625,250.0
37.0,-17.73389482756546,0.3,267.73389482756545,250.0
38.0,-17.752331940206805,0.3,267.75233194020683,250.0
39.0,-17.864196788494073,0.3,267.8641967884941,250.0
40.0,-18.041943942608924,0.3,268.0419439426089,250.0
41.0,-18.25448785552424,0.3,268.25448785552425,250.0
42.0,-18.471413296098422,0.3,268.47141329609843,250.0
43.0,-18.666459993066827,0.3,268.66645999306684,250.0
44.0,-18.819981942712996,0.3,268.819981942713,250.0
45.0,-18.920248786189106,0.3,268.9202487861891,250.0
46.0,-18.963613611655806,0.3,268.96361361165583,250.0
47.0,-18.95370150542072,0.3,268.9537015054207,250.0
48.0,-18.899864978837385,0.3,268.8998649788374,250.0
49.0,-18.815201067745324,0.3,268.8152010677453,250.0
50.0,-18.714431323014676,0.3,268.71443132301465,250.0
51.0,-18.611915816158756,0.3,268.6119158161588,250.0
52.0,-18.520014831695896,0.3,268.5200148316959,250.0
53.0,-18.44793808685642,0.3,268.4479380868564,250.0
54.0,-18.401142333812953,0.3,268.40114233381297,250.0
55.0,-18.381264168230505,0.3,268.38126416823053,250.0
56.0,-18.386513761960014,0.3,268.38651376196003,250.0
57.0,-18.41241227949858,0.3,268.4124122794986,250.0
58.0,-18.452733207015154,0.3,268.45273320701517,250.0
59.0,-18.500505239251524,0.3,268.50050523925154,250.0
60.0,-18.548948974278495,0.3,268.5489489742785,250.0
61.0,-18.592247096132283,0.3,268.59224709613227,250.0
62.0,-18.62608277530952,0.3,268.6260827753095,250.0
63.0,-18.647918382253618,0.3,268.64791838225364,250.0
64.0,-18.657021526328425,0.3,268.65702152632844,250.0
65.0,-18.65427415967772,0.3,268.6542741596777,250.0
66.0,-18.641820584207302,0.3,268.6418205842073,250.0
67.0,-18.622620625227757,0.3,268.62262062522774,250.0
68.0,-18.599975243208075,0.3,268.59997524320806,250.0
69.0,-18.577084773236383,0.3,268.5770847732364,250.0
70.0,-18.556686888086627,0.3,268.55668688808663,250.0
71.0,-18.54080474312524,0.3,268.54080474312525,250.0
72.0,-18.53061808649527,0.3,268.5306180864953,250.0
73.0,-18.52645365020765,0.3,268.52645365020766,250.0
74.0,-18.527877634003367,0.3,268.52787763400335,250.0
75.0,-18.533863691676274,0.3,268.5338636916763,250.0
76.0,-18.543005007984828,0.3,268.54300500798485,250.0
77.0,-18.55373867847404,0.3,268.553738678474,250.0
78.0,-18.5645540359364,0.3,268.5645540359364,250.0
79.0,-18.57416281632522,0.3,268.5741628163252,250.0
80.0,-18.581616953794928,0.3,268.58161695379493,250.0
81.0,-18.58636815461364,0.3,268.58636815461364,250.0
82.0,-18.588271165719622,0.3,268.5882711657196,250.0
83.0,-18.58753900088423,0.3,268.58753900088425,250.0
84.0,-18.58466278505562,0.3,268.5846627850556,250.0
85.0,-18.58031110622748,0.3,268.5803111062275,250.0
86.0,-18.575223894347754,0.3,268.57522389434774,250.0
87.0,-18.5701141853432,0.3,268.5701141853432,250.0
88.0,-18.565588146452782,0.3,268.5655881464528,250.0
89.0,-18.562089991281294,0.3,268.5620899912813,250.0
90.0,-18.559874459013486,0.3,268.5598744590135,250.0
91.0,-18.559005870126104,0.3,268.5590058701261,250.0
92.0,-18.559379787830515,0.3,268.5593797878305,250.0
93.0,-18.5607612579474,0.3,268.5607612579474,250.0
94.0,-18.562832570212194,0.3,268.5628325702122,250.0
95.0,-18.565243444872515,0.3,268.5652434448725,250.0
96.0,-18.567657352332397,0.3,268.5676573523324,250.0
97.0,-18.569789096210336,0.3,268.56978909621034,250.0
98.0,-18.57143056867097,0.3,268.57143056867096,250.0
99.0,-18.57246345681936,0.3,268.5724634568194,250.0
100.0,-18.572859405701998,0.3,268.572859405702,250.0
101.0,-18.572669545353097,0.3,268.5726695453531,250.0
102.0,-18.57200625089778,0.3,268.5720062508978,250.0
103.0,-18.571020480187176,0.3,268.5710204801872,250.0
104.0,-18.569878041377894,0.3,268.5698780413779,250.0
105.0,-18.568737754155237,0.3,268.5687377541552,250.0
106.0,-18.567733789712154,0.3,268.5677337897122,250.0
107.0,-18.566963630700812,0.3,268.5669636307008,250.0
108.0,-18.566482208103388,0.3,268.56648220810337,250.0
109.0,-18.566301957828067,0.3,268.56630195782805,250.0
110.0,-18.566397881084708,0.3,268.5663978810847,250.0
111.0,-18.566716243067003,0.3,268.566716243067,250.0
112.0,-18.5671853250511,0.3,268.5671853250511,250.0
113.0,-18.56772664625063,0.3,268.5677266462506,250.0
114.0,-18.568265259608545,0.3,268.56826525960855,250.0
115.0,-18.568738049337064,0.3,268.56873804933707,250.0
116.0,-18.569099358407517,0.3,268.5690993584075,250.0
117.0,-18.569323692323607,0.3,268.5693236923236,250.0
118.0,-18.569405629339563,0.3,268.56940562933954,250.0
119.0,-18.569357376803392,0.3,268.5693573768034,250.0
120.0,-18.569204623420006,0.3,268.56920462342,250.0
121.0,-18.568981438423947,0.3,268.568981438424,250.0
122.0,-18.568724965720453,0.3,268.56872496572043,250.0
123.0,-18.56847057033609,0.3,268.5684705703361,250.0
124.0,-18.56824794020081,0.3,268.5682479402008,250.0
125.0,-18.568078456333723,0.3,268.56807845633375,250.0
126.0,-18.567973946803406,0.3,268.5679739468034,250.0
127.0,-18.567936758890646,0.3,268.56793675889065,250.0
128.0,-18.5679609384658,0.3,268.5679609384658,250.0
129.0,-18.568034207400075,0.3,268.56803420740005,250.0
130.0,-18.568140383188773,0.3,268.5681403831888,250.0
131.0,-18.56826188745795,0.3,268.56826188745794,250.0
132.0,-18.56838203381312,0.3,268.5683820338131,250.0
133.0,-18.568486859061657,0.3,268.56848685906164,250.0
134.0,-18.568566351946338,0.3,268.56856635194634,250.0
135.0,-18.568615026997968,0.3,268.568615026998,250.0
136.0,-18.56863187640852,0.3,268.5686318764085,250.0
137.0,-18.568619801137583,0.3,268.5686198011376,250.0
138.0,-18.568584668345256,0.3,268.56858466834524,250.0
139.0,-18.56853416372753,0.3,268.5685341637275,250.0
140.0,-18.568476605628994,0.3,268.568476605629,250.0
141.0,-18.56841986668425,0.3,268.5684198666842,250.0
142.0,-18.56837051366858,0.3,268.5683705136686,250.0
143.0,-18.56833323349917,0.3,268.5683332334992,250.0
144.0,-18.56831056913971,0.3,268.5683105691397,250.0
145.0,-18.568302948958372,0.3,268.5683029489584,250.0
146.0,-18.568308961001847,0.3,268.56830896100183,250.0
147.0,-18.56832580221458,0.3,268.5683258022146,250.0
148.0,-18.568349822744256,0.3,268.56834982274427,250.0
149.0,-18.56837708652523,0.3,268.56837708652523,250.0
150.0,-18.568403879516403,0.3,268.5684038795164,250.0
151.0,-18.56842711368502,0.3,268.568427113685,250.0
152.0,-18.568444595098264,0.3,268.56844459509824,250.0
153.0,-18.568455145373097,0.3,268.5684551453731,250.0
154.0,-18.568458584683064,0.3,268.56845858468307,250.0
155.0,-18.568455599591285,0.3,268.5684555995913,250.0
156.0,-18.568447528990003,0.3,268.56844752899,250.0
157.0,-18.568436105974865,0.3,268.56843610597485,250.0
158.0,-18.568423192869343,0.3,268.5684231928693,250.0
159.0,-18.56841054170646,0.3,268.56841054170644,250.0
160.0,-18.568399604509732,0.3,268.56839960450975,250.0
161.0,-18.568391408102336,0.3,268.56839140810234,250.0
162.0,-18.56838649829978,0.3,268.5683864982998,250.0
163.0,-18.56838494941143,0.3,268.56838494941144,250.0
164.0,-18.56838642789877,0.3,268.56838642789876,250.0
165.0,-18.56839029436308,0.3,268.5683902943631,250.0
166.0,-18.568395725945365,0.3,268.5683957259454,250.0
167.0,-18.568401841565514,0.3,268.5684018415655,250.0
168.0,-18.568407814792184,0.3,268.5684078147922,250.0
169.0,-18.56841296292979,0.3,268.5684129629298,250.0
170.0,-18.568416805467514,0.3,268.5684168054675,250.0
171.0,-18.568419089701997,0.3,268.568419089702,250.0
172.0,-18.568419785553555,0.3,268.56841978555354,250.0
173.0,-18.56841905491918,0.3,268.56841905491916,250.0
174.0,-18.568417203088508,0.3,268.56841720308853,250.0
175.0,-18.568414620708516,0.3,268.5684146207085,250.0
176.0,-18.56841172459417,0.3,268.56841172459417,250.0
177.0,-18.568408904543936,0.3,268.56840890454396,250.0
178.0,-18.56840648151116,0.3,268.56840648151115,250.0
179.0,-18.56840468032088,0.3,268.5684046803209,250.0
180.0,-18.56840361791606,0.3,268.56840361791603,250.0
181.0,-18.56840330613437,0.3,268.56840330613437,250.0
182.0,-18.568403666456064,0.3,268.56840366645605,250.0
183.0,-18.5684045531446,0.3,268.5684045531446,250.0
184.0,-18.568405780761385,0.3,268.5684057807614,250.0
185.0,-18.568407152137272,0.3,268.5684071521373,250.0
186.0,-18.56840848343131,0.3,268.5684084834313,250.0
187.0,-18.568409623768336,0.3,268.56840962376833,250.0
188.0,-18.568410467971795,0.3,268.5684104679718,250.0
189.0,-18.56841096195046,0.3,268.56841096195046,250.0
190.0,-18.568411101231987,0.3,268.56841110123196,250.0
191.0,-18.568410923869017,0.3,268.568410923869,250.0
192.0,-18.56841049941885,0.3,268.56841049941886,250.0
193.0,-18.568409915899764,0.3,268.5684099158998,250.0
194.0,-18.56840926657328,0.3,268.56840926657327,250.0
195.0,-18.568408638138205,0.3,268.5684086381382,250.0
196.0,-18.568408101512183,0.3,268.5684081015122,250.0
197.0,-18.56840770589064,0.3,268.56840770589065,250.0
198.0,-18.568407476280512,0.3,268.5684074762805,250.0
199.0,-18.568407414265927,0.3,268.56840741426595,250.0
200.0,-18.568407501419088,0.3,268.5684075014191,250.0
201.0,-18.568407704547756,0.3,268.5684077045478,250.0
202.0,-18.568407981878202,0.3,268.5684079818782,250.0
203.0,-18.568408289300738,0.3,268.56840828930075,250.0
204.0,-18.56840858593144,0.3,268.5684085859314,250.0
205.0,-18.568408838439094,0.3,268.5684088384391,250.0
206.0,-18.568409023816663,0.3,268.5684090238167,250.0
207.0,-18.56840913050926,0.3,268.5684091305093,250.0
208.0,-18.568409158018053,0.3,268.568409158018,250.0
209.0,-18.5684091152609,0.3,268.5684091152609,250.0
210.0,-18.568409018074032,0.3,268.568409018074,250.0
211.0,-18.56840888628146,0.3,268.5684088862815,250.0
212.0,-18.568408740744104,0.3,268.5684087407441,250.0
213.0,-18.568408600739907,0.3,268.56840860073993,250.0
214.0,-18.56840848193307,0.3,268.5684084819331,250.0
215.0,-18.568408395081438,0.3,268.56840839508146,250.0
216.0,-18.56840834552121,0.3,268.5684083455212,250.0
217.0,-18.568408333370257,0.3,268.56840833337026,250.0
218.0,-18.568408354315782,0.3,268.5684083543158,250.0
219.0,-18.568408400803545,0.3,268.56840840080355,250.0
220.0,-18.568408463426827,0.3,268.5684084634268,250.0
221.0,-18.56840853232054,0.3,268.5684085323205,250.0
222.0,-18.568408598395244,0.3,268.56840859839525,250.0
223.0,-18.568408654290145,0.3,268.5684086542901,250.0
224.0,-18.568408694975815,0.3,268.5684086949758,250.0
225.0,-18.56840871798935,0.3,268.56840871798937,250.0
226.0,-18.56840872333065,0.3,268.56840872333066,250.0
227.0,-18.56840871308414,0.3,268.5684087130841,250.0
228.0,-18.568408690852728,0.3,268.5684086908527,250.0
229.0,-18.568408661099582,0.3,268.56840866109957,250.0
230.0,-18.56840862848955,0.3,268.5684086284896,250.0
231.0,-18.568408597307936,0.3,268.56840859730795,250.0
232.0,-18.568408571013343,0.3,268.5684085710133,250.0
233.0,-18.568408551956683,0.3,268.5684085519567,250.0
234.0,-18.568408541274025,0.3,268.56840854127404,250.0
235.0,-18.56840853893918,0.3,268.5684085389392,250.0
236.0,-18.56840854394533,0.3,268.56840854394534,250.0
237.0,-18.568408554574404,0.3,268.5684085545744,250.0
238.0,-18.56840856870898,0.3,268.568408568709,250.0
239.0,-18.568408584143373,0.3,268.56840858414336,250.0
240.0,-18.56840859885739,0.3,268.5684085988574,250.0
241.0,-18.568408611226086,0.3,268.56840861122606,250.0
242.0,-18.568408620150777,0.3,268.56840862015076,250.0
243.0,-18.56840862510775,0.3,268.56840862510774,250.0
244.0,-18.56840862612175,0.3,268.56840862612177,250.0
245.0,-18.568408623678817,0.3,268.5684086236788,250.0
246.0,-18.568408618598085,0.3,268.5684086185981,250.0
247.0,-18.56840861188401,0.3,268.568408611884,250.0
248.0,-18.56840860457943,0.3,268.5684086045794,250.0
249.0,-18.568408597636655,0.3,268.5684085976367,250.0
250.0,-18.568408591819036,0.3,268.56840859181904,250.0
251.0,-18.56840858763997,0.3,268.56840858763996,250.0
252.0,-18.568408585340705,0.3,268.5684085853407,250.0
253.0,-18.568408584903718,0.3,268.5684085849037,250.0
254.0,-18.568408586094503,0.3,268.5684085860945,250.0
255.0,-18.56840858852258,0.3,268.5684085885226,250.0
256.0,-18.568408591711503,0.3,268.5684085917115,250.0
257.0,-18.56840859516825,0.3,268.56840859516825,250.0
258.0,-18.568408598443952,0.3,268.56840859844397,250.0
259.0,-18.568408601180035,0.3,268.56840860118,250.0
260.0,-18.568408603136646,0.3,268.5684086031366,250.0
261.0,-18.568408604202727,0.3,268.5684086042027,250.0
262.0,-18.56840860438931,0.3,268.56840860438933,250.0
263.0,-18.568408603809488,0.3,268.5684086038095,250.0
264.0,-18.56840860264937,0.3,268.56840860264936,250.0
265.0,-18.568408601134934,0.3,268.56840860113493,250.0
266.0,-18.56840859949923,0.3,268.5684085994992,250.0
267.0,-18.568408597953816,0.3,268.5684085979538,250.0
268.0,-18.568408596667116,0.3,268.5684085966671,250.0
269.0,-18.568408595751166,0.3,268.5684085957512,250.0
270.0,-18.568408595257054,0.3,268.56840859525704,250.0
271.0,-18.568408595178276,0.3,268.56840859517825,250.0
272.0,-18.568408595460326,0.3,268.5684085954603,250.0
273.0,-18.56840859601451,0.3,268.56840859601454,250.0
274.0,-18.56840859673366,0.3,268.56840859673366,250.0
275.0,-18.568408597507613,0.3,268.56840859750764,250.0
276.0,-18.568408598236655,0.3,268.56840859823666,250.0
277.0,-18.568408598841696,0.3,268.5684085988417,250.0
278.0,-18.568408599270416,0.3,268.5684085992704,250.0
279.0,-18.568408599499328,0.3,268.5684085994993,250.0
280.0,-18.56840859953212,0.3,268.5684085995321,250.0
281.0,-18.568408599395045,0.3,268.56840859939507,250.0
282.0,-18.568408599130365,0.3,268.56840859913035,250.0
283.0,-18.5684085987889,0.3,268.5684085987889,250.0
284.0,-18.568408598422717,0.3,268.5684085984227,250.0
285.0,-18.56840859807881,0.3,268.5684085980788,250.0
286.0,-18.568408597794324,0.3,268.5684085977943,250.0
287.0,-18.568408597593695,0.3,268.5684085975937,250.0
288.0,-18.568408597487704,0.3,268.5684085974877,250.0
289.0,-18.56840859747431,0.3,268.56840859747433,250.0
290.0,-18.568408597540877,0.3,268.5684085975409,250.0
291.0,-18.56840859766727,0.3,268.56840859766726,250.0
292.0,-18.568408597829382,0.3,268.5684085978294,250.0
293.0,-18.568408598002613,0.3,268.56840859800263,250.0
294.0,-18.568408598164815,0.3,268.5684085981648,250.0
295.0,-18.568408598298554,0.3,268.56840859829856,250.0
296.0,-18.568408598392427,0.3,268.5684085983924,250.0
297.0,-18.568408598441486,0.3,268.56840859844147,250.0
298.0,-18.56840859844683,0.3,268.5684085984468,250.0
299.0,-18.568408598414543,0.3,268.5684085984145,250.0
300.0,-18.56840859835421,0.3,268.5684085983542,250.0
301.0,-18.56840859827726,0.3,268.56840859827724,250.0
302.0,-18.56840859819532,0.3,268.56840859819533,250.0
303.0,-18.56840859811882,0.3,268.5684085981188,250.0
304.0,-18.568408598055942,0.3,268.56840859805595,250.0
305.0,-18.568408598012024,0.3,268.568408598012,250.0
306.0,-18.56840859798933,0.3,268.56840859798933,250.0
307.0,-18.56840859798727,0.3,268.5684085979873,250.0
308.0,-18.56840859800292,0.3,268.5684085980029,250.0
309.0,-18.568408598031716,0.3,268.56840859803174,250.0
310.0,-18.56840859806824,0.3,268.56840859806823,250.0
311.0,-18.56840859810699,0.3,268.568408598107,250.0
312.0,-18.568408598143066,0.3,268.56840859814304,250.0
313.0,-18.568408598172617,0.3,268.5684085981726,250.0
314.0,-18.568408598193162,0.3,268.5684085981932,250.0
315.0,-18.56840859820366,0.3,268.56840859820363,250.0
316.0,-18.56840859820442,0.3,268.5684085982044,250.0
317.0,-18.56840859819685,0.3,268.56840859819687,250.0
318.0,-18.56840859818312,0.3,268.5684085981831,250.0
319.0,-18.568408598165792,0.3,268.5684085981658,250.0
320.0,-18.568408598147464,0.3,268.56840859814747,250.0
321.0,-18.56840859813045,0.3,268.5684085981305,250.0
322.0,-18.568408598116555,0.3,268.56840859811655,250.0
323.0,-18.568408598106934,0.3,268.56840859810694,250.0
324.0,-18.568408598102067,0.3,268.56840859810205,250.0
325.0,-18.5684085981018,0.3,268.5684085981018,250.0
326.0,-18.56840859810546,0.3,268.56840859810546,250.0
327.0,-18.568408598112015,0.3,268.568408598112,250.0
328.0,-18.568408598120236,0.3,268.56840859812024,250.0
329.0,-18.568408598128904,0.3,268.5684085981289,250.0
330.0,-18.568408598136926,0.3,268.5684085981369,250.0
331.0,-18.568408598143456,0.3,268.56840859814344,250.0
332.0,-18.568408598147954,0.3,268.5684085981479,250.0
333.0,-18.568408598150203,0.3,268.5684085981502,250.0
334.0,-18.568408598150278,0.3,268.56840859815026,250.0
335.0,-18.568408598148512,0.3,268.5684085981485,250.0
336.0,-18.568408598145393,0.3,268.56840859814537,250.0
337.0,-18.568408598141495,0.3,268.5684085981415,250.0
338.0,-18.568408598137403,0.3,268.5684085981374,250.0
339.0,-18.568408598133626,0.3,268.5684085981336,250.0
340.0,-18.56840859813056,0.3,268.56840859813053,250.0
341.0,-18.56840859812846,0.3,268.5684085981285,250.0
342.0,-18.568408598127423,0.3,268.5684085981274,250.0
343.0,-18.568408598127405,0.3,268.5684085981274,250.0
344.0,-18.568408598128254,0.3,268.56840859812826,250.0
345.0,-18.568408598129743,0.3,268.56840859812974,250.0
346.0,-18.568408598131597,0.3,268.5684085981316,250.0
347.0,-18.56840859813354,0.3,268.56840859813354,250.0
348.0,-18.56840859813533,0.3,268.5684085981353,250.0
349.0,-18.56840859813678,0.3,268.5684085981368,250.0
350.0,-18.568408598137765,0.3,268.56840859813775,250.0
351.0,-18.56840859813824,0.3,268.56840859813826,250.0
352.0,-18.56840859813823,0.3,268.5684085981382,250.0
353.0,-18.56840859813781,0.3,268.5684085981378,250.0
354.0,-18.568408598137093,0.3,268.56840859813707,250.0
355.0,-18.568408598136212,0.3,268.5684085981362,250.0
356.0,-18.568408598135292,0.3,268.5684085981353,250.0
357.0,-18.568408598134447,0.3,268.56840859813445,250.0
358.0,-18.568408598133765,0.3,268.5684085981338,250.0
359.0,-18.568408598133303,0.3,268.5684085981333,250.0
360.0,-18.568408598133082,0.3,268.5684085981331,250.0
361.0,-18.568408598133093,0.3,268.5684085981331,250.0
362.0,-18.568408598133296,0.3,268.5684085981333,250.0
363.0,-18.568408598133637,0.3,268.56840859813366,250.0
364.0,-18.56840859813405,0.3,268.56840859813406,250.0
365.0,-18.56840859813448,0.3,268.56840859813445,250.0
366.0,-18.56840859813487,0.3,268.56840859813485,250.0
367.0,-18.568408598135182,0.3,268.5684085981352,250.0
368.0,-18.56840859813539,0.3,268.5684085981354,250.0
369.0,-18.568408598135495,0.3,268.5684085981355,250.0
370.0,-18.56840859813549,0.3,268.5684085981355,250.0
371.0,-18.568408598135395,0.3,268.5684085981354,250.0
372.0,-18.56840859813524,0.3,268.56840859813525,250.0
373.0,-18.568408598135047,0.3,268.568408598135,250.0
374.0,-18.568408598134845,0.3,268.56840859813485,250.0
375.0,-18.568408598134656,0.3,268.5684085981347,250.0
376.0,-18.568408598134504,0.3,268.5684085981345,250.0
377.0,-18.568408598134404,0.3,268.5684085981344,250.0
378.0,-18.568408598134358,0.3,268.56840859813434,250.0
379.0,-18.56840859813436,0.3,268.56840859813434,250.0
380.0,-18.568408598134404,0.3,268.5684085981344,250.0
381.0,-18.56840859813448,0.3,268.56840859813445,250.0
382.0,-18.568408598134567,0.3,268.56840859813457,250.0
383.0,-18.568408598134663,0.3,268.5684085981347,250.0
384.0,-18.568408598134752,0.3,268.56840859813474,250.0
385.0,-18.568408598134823,0.3,268.56840859813485,250.0
386.0,-18.568408598134873,0.3,268.56840859813485,250.0
387.0,-18.5684085981349,0.3,268.5684085981349,250.0
388.0,-18.5684085981349,0.3,268.5684085981349,250.0
389.0,-18.56840859813488,0.3,268.56840859813485,250.0
390.0,-18.568408598134845,0.3,268.56840859813485,250.0
391.0,-18.5684085981348,0.3,268.5684085981348,250.0
392.0,-18.568408598134756,0.3,268.56840859813474,250.0
393.0,-18.568408598134713,0.3,268.56840859813474,250.0
394.0,-18.568408598134678,0.3,268.5684085981347,250.0
395.0,-18.568408598134653,0.3,268.5684085981346,250.0
396.0,-18.56840859813464,0.3,268.5684085981346,250.0
397.0,-18.56840859813464,0.3,268.5684085981346,250.0
398.0,-18.56840859813465,0.3,268.5684085981346,250.0
399.0,-18.568408598134667,0.3,268.5684085981347,250.0
400.0,-18.568408598134695,0.3,268.5684085981347,250.0
