t_s,y_pred_mOhm,u_cmd,e,r
0.0,1.0593987664180782,0.0005953639341352,-0.03989027611377982,1.02
1.0,1.0598902761137798,0.008573419156891164,-0.052638457374183156,1.02
2.0,1.0726384573741832,0.021650746883808462,-0.07148266720080865,1.02
3.0,1.0914826672008087,0.039716122289295296,-0.08637684209649565,1.02
4.0,1.1063768420964957,0.05997032568773183,-0.09585906563466895,1.02
5.0,1.115859065634669,0.08103858352230027,-0.0992719065312373,1.02
6.0,1.1192719065312373,0.1015755330078614,-0.09849835692496689,1.02
7.0,1.118498356924967,0.1211204944716007,-0.09523264199052317,1.02
8.0,1.1152326419905232,0.1395138798828166,-0.0911419214222775,1.02
9.0,1.1111419214222775,0.15692412005362297,-0.0872028661496469,1.02
10.0,1.107202866149647,0.1735768822290262,-0.08392165214780856,1.02
11.0,1.1039216521478086,0.18970496985822025,-0.08137374870088387,1.02
12.0,1.101373748700884,0.20547013890901208,-0.07943005362171851,1.02
13.0,1.0994300536217185,0.2209674106175227,-0.07787459890977355,1.02
14.0,1.0978745989097736,0.23623123945708843,-0.07651059437805241,1.02
15.0,1.0965105943780524,0.25126055742635467,-0.07519674266797205,1.02
16.0,1.095196742667972,0.266037135617933,-0.07385766871529142,1.02
17.0,1.0938576687152914,0.2805408545704552,-0.0724692621060985,1.02
18.0,1.0924692621060985,0.2947570256698363,-0.07103980546079613,1.02
19.0,1.0910398054607962,0.30867909543293504,-0.06959140215359905,1.02
20.0,1.089591402153599,0.3223076952022154,-0.06814748459915254,1.02
21.0,1.0881474845991526,0.33564840861115663,-0.06672596924011054,1.02
22.0,1.0867259692401106,0.3487092993873704,-0.06533731061975323,1.02
23.0,1.0853373106197532,0.36149902978724957,-0.06398537082130007,1.02
24.0,1.0839853708213,0.37402571599181894,-0.06266956636066312,1.02
25.0,1.0826695663606631,0.38629646837182413,-0.061387074162555955,1.02
26.0,1.081387074162556,0.3983173847647139,-0.060134525177408804,1.02
27.0,1.0801345251774088,0.4100937800031662,-0.058908997990648526,1.02
28.0,1.0789089979906485,0.42163047416394384,-0.05770841089467682,1.02
29.0,1.0777084108946768,0.43293203892368487,-0.0565315078147417,1.02
30.0,1.0765315078147417,0.44400295987064614,-0.05537764397532219,1.02
31.0,1.0753776439753222,0.4548477158978267,-0.05424652434857924,1.02
32.0,1.0742465243485793,0.46547079684219395,-0.05313798514606849,1.02
33.0,1.0731379851460685,0.4758766860309055,-0.052051852478620875,1.02
34.0,1.072051852478621,0.48606982999314013,-0.05098787600673371,1.02
35.0,1.0709878760067337,0.4960546099001094,-0.04994571726067232,1.02
36.0,1.0699457172606723,0.5058353216030316,-0.04892496851031569,1.02
37.0,1.0689249685103157,0.5154161655550233,-0.047925182195785565,1.02
38.0,1.0679251821957856,0.5248012447312744,-0.04694589815368322,1.02
39.0,1.0669458981536832,0.5339945675535905,-0.04598666274823571,1.02
40.0,1.0659866627482357,0.5430000530221482,-0.04504703899980367,1.02
41.0,1.0650470389998037,0.5518215360724225,-0.04412660954420855,1.02
42.0,1.0641266095442086,0.5604627720901451,-0.043224975176377134,1.02
43.0,1.0632249751763772,0.5689274402518542,-0.04234175149347008,1.02
44.0,1.06234175149347,0.5772191458139667,-0.0414765653925393,1.02
45.0,1.0614765653925393,0.5853414216722884,-0.040629052346578653,1.02
46.0,1.0606290523465787,0.593297729532412,-0.03979885472806921,1.02
47.0,1.0597988547280692,0.601091460954324,-0.03898562104987291,1.02
48.0,1.058985621049873,0.6087259384286593,-0.03818900582494078,1.02
49.0,1.0581890058249408,0.616204416548661,-0.037408669737262645,1.02
50.0,1.0574086697372627,0.623530083278578,-0.03664427989026153,1.02
51.0,1.0566442798902616,0.6307060612872301,-0.03589550999559954,1.02
52.0,1.0558955099955996,0.6377354093074176,-0.03516204044911064,1.02
53.0,1.0551620404491107,0.6446211234879419,-0.0344435582964131,1.02
54.0,1.0544435582964131,0.651366138716685,-0.033739757118280034,1.02
55.0,1.05373975711828,0.6579733299047145,-0.03305033687207182,1.02
56.0,1.0530503368720718,0.6644455132298872,-0.032375003719417705,1.02
57.0,1.0523750037194177,0.6707854473432399,-0.03171346985954093,1.02
58.0,1.051713469859541,0.6769958345431727,-0.03106545337722677,1.02
59.0,1.0510654533772268,0.6830793219221553,-0.030430678106864173,1.02
60.0,1.0504306781068642,0.6890385024894555,-0.02980887350981587,1.02
61.0,1.0498088735098159,0.694875916272009,-0.029199774560929592,1.02
62.0,1.0491997745609296,0.7005940513944177,-0.028603121640338625,1.02
63.0,1.0486031216403386,0.7061953451383672,-0.028018660427835407,1.02
64.0,1.0480186604278354,0.7116821849814337,-0.0274461417983618,1.02
65.0,1.0474461417983618,0.7170569096152113,-0.026885321718144173,1.02
66.0,1.0468853217181442,0.7223218099427966,-0.026335961141612962,1.02
67.0,1.046335961141613,0.727479130055813,-0.025797825909515293,1.02
68.0,1.0457978259095153,0.7325310681912965,-0.025270686648632523,1.02
69.0,1.0452706866486325,0.7374797776688464,-0.024754318673424258,1.02
70.0,1.0447543186734243,0.7423273678084896,-0.024248501889756024,1.02
71.0,1.044248501889756,0.7470759048297072,-0.02375302070076213,1.02
72.0,1.0437530207007621,0.7517274127320608,-0.023267663914791292,1.02
73.0,1.0432676639147913,0.7562838741578248,-0.022792224655362237,1.02
74.0,1.0427922246553623,0.7607472312370115,-0.022326500273023298,1.02
75.0,1.0423265002730233,0.7651193864151483,-0.021870292259045243,1.02
76.0,1.0418702922590453,0.7694022032641618,-0.02142340616086913,1.02
77.0,1.0414234061608691,0.7735975072767004,-0.020985651499271007,1.02
78.0,1.040985651499271,0.777707086644235,-0.020556841687195515,1.02
79.0,1.0405568416871955,0.7817326930192591,-0.02013679395023349,1.02
80.0,1.0401367939502335,0.7856760422619133,-0.01972532924871384,1.02
81.0,1.0397253292487139,0.7895388151713522,-0.019322272201384383,1.02
82.0,1.0393222722013844,0.7933226582021631,-0.018927451010649188,1.02
83.0,1.0389274510106492,0.7970291841661459,-0.01854069738933739,1.02
84.0,1.0385406973893374,0.800659972919751,-0.018161846488968125,1.02
85.0,1.0381618464889681,0.8042165720374708,-0.01779073682948651,1.02
86.0,1.0377907368294865,0.8077004974714718,-0.017427210230432477,1.02
87.0,1.0374272102304325,0.8111132341977474,-0.017071111743521827,1.02
88.0,1.0370711117435218,0.8144562368490696,-0.01672228958660016,1.02
89.0,1.0367222895866002,0.8177309303350054,-0.016380595078951066,1.02
90.0,1.036380595078951,0.8209387104492658,-0.016045882577919945,1.02
91.0,1.03604588257792,0.8240809444646435,-0.015718009416840317,1.02
92.0,1.0357180094168403,0.8271589717157957,-0.015396835844220913,1.02
93.0,1.035396835844221,0.830174104170116,-0.015082224964179547,1.02
94.0,1.0350822249641796,0.8331276269869436,-0.014774042678093569,1.02
95.0,1.0347740426780936,0.8360207990653451,-0.014472157627440474,1.02
96.0,1.0344721576274405,0.8388548535807026,-0.014176441137809803,1.02
97.0,1.0341764411378098,0.8416309985103384,-0.013886767164056124,1.02
98.0,1.0338867671640561,0.844350417148399,-0.013603012236574674,1.02
99.0,1.0336030122365747,0.8470142686102177,-0.013325055408673903,1.02
100.0,1.033325055408674,0.8496236883263723,-0.013052778205023596,1.02
101.0,1.0330527782050236,0.852179788526647,-0.012786064571155942,1.02
102.0,1.032786064571156,0.8546836587141047,-0.012524800824000204,1.02
103.0,1.0325248008240002,0.8571363661294736,-0.012268875603425045,1.02
104.0,1.032268875603425,0.8595389562060436,-0.01201817982477471,1.02
105.0,1.0320181798247747,0.8618924530152685,-0.011772606632371563,1.02
106.0,1.0317726066323716,0.8641978597032621,-0.01153205135397073,1.02
107.0,1.0315320513539707,0.8664561589183761,-0.011296411456145572,1.02
108.0,1.0312964114561456,0.8686683132300401,-0.01106558650058398,1.02
109.0,1.031065586500584,0.8708352655390446,-0.010839478101277056,1.02
110.0,1.030839478101277,0.8729579394794386,-0.010617989882584444,1.02
111.0,1.0306179898825845,0.8750372398122169,-0.010401027438155408,1.02
112.0,1.0304010274381554,0.8770740528109622,-0.010188498290688797,1.02
113.0,1.0301884982906888,0.8790692466396066,-0.00998031185251591,1.02
114.0,1.029980311852516,0.8810236717224752,-0.009776379386990053,1.02
115.0,1.02977637938699,0.882938161106768,-0.009576613970661452,1.02
116.0,1.0295766139706615,0.8848135308176346,-0.009380930456229564,1.02
117.0,1.0293809304562296,0.8866505802059942,-0.009189245436248328,1.02
118.0,1.0291892454362483,0.8884500922892477,-0.009001477207576825,1.02
119.0,1.0290014772075768,0.8902128340850287,-0.008817545736552246,1.02
120.0,1.0288175457365523,0.8919395569381343,-0.008637372624878292,1.02
121.0,1.0286373726248783,0.8936309968407752,-0.008460881076208349,1.02
122.0,1.0284608810762084,0.8952878747462828,-0.00828799586341189,1.02
123.0,1.028287995863412,0.8969108968764059,-0.008118643296510797,1.02
124.0,1.0281186432965108,0.8985007550223278,-0.007952751191268925,1.02
125.0,1.027952751191269,0.9000581268395333,-0.00779024883842494,1.02
126.0,1.027790248838425,0.9015836761366496,-0.007631066973553757,1.02
127.0,1.0276310669735538,0.9030780531583861,-0.007475137747542604,1.02
128.0,1.0274751377475426,0.9045418948626923,-0.00732239469767304,1.02
129.0,1.027322394697673,0.9059758251922531,-0.007172772719290066,1.02
130.0,1.02717277271929,0.9073804553404344,-0.007026208038053872,1.02
131.0,1.027026208038054,0.908756384011798,-0.006882638182755585,1.02
132.0,1.0268826381827556,0.9101041976772896,-0.006742001958690125,1.02
133.0,1.0267420019586901,0.9114244708242145,-0.006604239421573732,1.02
134.0,1.0266042394215737,0.912717766201106,-0.006469291851991743,1.02
135.0,1.0264692918519918,0.9139846350575879,-0.006337101730372385,1.02
136.0,1.0263371017303724,0.9152256173793385,-0.006207612712467503,1.02
137.0,1.0262076127124675,0.9164412421182511,-0.00608076960533932,1.02
138.0,1.0260807696053393,0.9176320274178933,-0.005956518343831485,1.02
139.0,1.0259565183438315,0.918798480834358,-0.005834805967529055,1.02
140.0,1.025834805967529,0.9199410995526033,-0.005715580598180781,1.02
141.0,1.0257155805981808,0.9210603705983698,-0.005598791417589455,1.02
142.0,1.0255987914175895,0.9221567710457693,-0.005484388645949689,1.02
143.0,1.0254843886459497,0.9232307682206313,-0.005372323520631106,1.02
144.0,1.0253723235206311,0.9242828198996939,-0.005262548275392964,1.02
145.0,1.025262548275393,0.9253133745057248,-0.005155016120024669,1.02
146.0,1.0251550161200247,0.9263228712986561,-0.005049681220402613,1.02
147.0,1.0250496812204026,0.9273117405628122,-0.0049464986789538035,1.02
148.0,1.0249464986789538,0.9282804037903132,-0.00484542451551806,1.02
149.0,1.024845424515518,0.9292292738607297,-0.004746415648603897,1.02
150.0,1.024746415648604,0.9301587552170677,-0.004649429877023437,1.02
151.0,1.0246494298770235,0.9310692440381563,-0.004554425861905909,1.02
152.0,1.024554425861906,0.9319611284075139,-0.004461363109077743,1.02
153.0,1.0244613631090778,0.9328347884787638,-0.004370201951802155,1.02
154.0,1.0243702019518022,0.9336905966376691,-0.004280903533872005,1.02
155.0,1.024280903533872,0.9345289176608574,-0.004193429793046821,1.02
156.0,1.0241934297930468,0.9353501088713018,-0.004107743444830447,1.02
157.0,1.0241077434448305,0.9361545202906246,-0.004023807966577531,1.02
158.0,1.0240238079665775,0.9369424947882896,-0.003941587581929085,1.02
159.0,1.023941587581929,0.9377143682277458,-0.003861047245560245,1.02
160.0,1.0238610472455603,0.938470469609584,-0.0037821526282442175,1.02
161.0,1.0237821526282442,0.9392111212117698,-0.0037048701022202035,1.02
162.0,1.0237048701022202,0.9399366387270089,-0.0036291667268582017,1.02
163.0,1.0236291667268582,0.9406473313973083,-0.0035550102346211254,1.02
164.0,1.0235550102346211,0.9413435021457851,-0.0034823690173095834,1.02
165.0,1.0234823690173096,0.9420254477057848,-0.0034112121125888795,1.02
166.0,1.023411212112589,0.9426934587473584,-0.0033415091907929018,1.02
167.0,1.023341509190793,0.9433478200011578,-0.0032732305419962415,1.02
168.0,1.0232732305419963,0.9439888103797978,-0.0032063470633507674,1.02
169.0,1.0232063470633508,0.9446167030967388,-0.003140830246679771,1.02
170.0,1.0231408302466798,0.9452317657827406,-0.003076652166328131,1.02
171.0,1.0230766521663281,0.9458342605999359,-0.003013785467259389,1.02
172.0,1.0230137854672594,0.9464244443535741,-0.0029522033533948555,1.02
173.0,1.0229522033533949,0.9470025686014801,-0.0028918795761936344,1.02
174.0,1.0228918795761937,0.9475688797612786,-0.0028327884234626843,1.02
175.0,1.0228327884234627,0.9481236192154249,-0.0027749047083995837,1.02
176.0,1.0227749047083996,0.9486670234140921,-0.00271820375885512,1.02
177.0,1.0227182037588551,0.9491993239759543,-0.0026626614068188115,1.02
178.0,1.0226626614068188,0.9497207477869107,-0.0026082539781151493,1.02
179.0,1.0226082539781152,0.9502315170967931,-0.002554958282315667,1.02
180.0,1.0225549582823157,0.9507318496140964,-0.0025027516028526264,1.02
181.0,1.0225027516028526,0.9512219585987743,-0.002451611687335875,1.02
182.0,1.022451611687336,0.9517020529531381,-0.0024015167380699864,1.02
183.0,1.02240151673807,0.9521723373108989,-0.0023524454027616937,1.02
184.0,1.0223524454027617,0.9526330121243896,-0.0023043767654191694,1.02
185.0,1.0223043767654192,0.9530842737500048,-0.002257290337437823,1.02
186.0,1.0222572903374378,0.9535263145318962,-0.0022111660488659535,1.02
187.0,1.022211166048866,0.953959322883955,-0.0021659842398513707,1.02
188.0,1.0221659842398514,0.9543834833701224,-0.00212172565225921,1.02
189.0,1.0221217256522592,0.9547989767830558,-0.002078371421466718,1.02
190.0,1.0220783714214667,0.9552059802211906,-0.002035903068320799,1.02
191.0,1.0220359030683208,0.9556046671642257,-0.001994302491261646,1.02
192.0,1.0219943024912617,0.9559952075470661,-0.001953551958606914,1.02
193.0,1.021953551958607,0.9563777678322565,-0.0019136341009944324,1.02
194.0,1.0219136341009945,0.9567525110809328,-0.0018745319039792374,1.02
195.0,1.0218745319039793,0.9571195970223256,-0.0018362287007791522,1.02
196.0,1.0218362287007792,0.9574791821218414,-0.0017987081651733572,1.02
197.0,1.0217987081651734,0.9578314196477549,-0.0017619543045421793,1.02
198.0,1.0217619543045422,0.9581764597365371,-0.0017259514530505449,1.02
199.0,1.0217259514530506,0.9585144494568488,-0.0016906842649704323,1.02
200.0,1.0216906842649705,0.958845532872227,-0.0016561377081418804,1.02
201.0,1.021656137708142,0.9591698511024896,-0.0016222970575625606,1.02
202.0,1.0216222970575626,0.9594875423838862,-0.0015891478891141286,1.02
203.0,1.0215891478891141,0.9597987421280193,-0.0015566760734131435,1.02
204.0,1.0215566760734132,0.9601035829795618,-0.0015248677697883295,1.02
205.0,1.0215248677697883,0.9604021948727944,-0.001493709420381073,1.02
206.0,1.021493709420381,0.9606947050869892,-0.001463187744367378,1.02
207.0,1.0214631877443674,0.9609812383006598,-0.0014332897322961724,1.02
208.0,1.0214332897322962,0.9612619166447048,-0.001404002640546187,1.02
209.0,1.0214040026405462,0.961536859754464,-0.001375313985890525,1.02
210.0,1.0213753139858905,0.961806184820711,-0.0013472115401798046,1.02
211.0,1.0213472115401798,0.9620700066396048,-0.0013196833251267748,1.02
212.0,1.0213196833251268,0.9623284376616196,-0.0012927176072032864,1.02
213.0,1.0212927176072033,0.9625815880394755,-0.0012663028926369613,1.02
214.0,1.021266302892637,0.9628295656750896,-0.00124042792251422,1.02
215.0,1.0212404279225142,0.9630724762655679,-0.0012150816679796783,1.02
216.0,1.0212150816679797,0.9633104233482569,-0.001190253325536128,1.02
217.0,1.0211902533255361,0.9635435083448753,-0.0011659323124391108,1.02
218.0,1.0211659323124391,0.9637718306047438,-0.0011421082621863032,1.02
219.0,1.0211421082621863,0.9639954874471306,-0.001118771020099496,1.02
220.0,1.0211187710200995,0.9642145742027332,-0.0010959106389953899,1.02
221.0,1.0210959106389954,0.9644291842543113,-0.00107351737494632,1.02
222.0,1.0210735173749463,0.9646394090764908,-0.001051581683127134,1.02
223.0,1.0210515816831272,0.9648453382747524,-0.0010300942137460023,1.02
224.0,1.021030094213746,0.9650470596236254,-0.0010090458080611597,1.02
225.0,1.0210090458080612,0.9652446591041006,-0.0009884274944749194,1.02
226.0,1.020988427494475,0.9654382209402783,-0.0009682304847098422,1.02
227.0,1.0209682304847099,0.9656278276352672,-0.0009484461700650648,1.02
228.0,1.020948446170065,0.9658135600063512,-0.0009290661177436821,1.02
229.0,1.0209290661177437,0.9659954972194357,-0.0009100820672622856,1.02
230.0,1.0209100820672623,0.9661737168227919,-0.0008914859269262276,1.02
231.0,1.0208914859269262,0.9663482947801099,-0.0008732697703826009,1.02
232.0,1.0208732697703826,0.9665193055028777,-0.0008554258332420517,1.02
233.0,1.020855425833242,0.966686821882098,-0.0008379465097674288,1.02
234.0,1.0208379465097674,0.9668509153193565,-0.0008208243496343748,1.02
235.0,1.0208208243496344,0.9670116557572568,-0.0008040520547545338,1.02
236.0,1.0208040520547546,0.9671691117092318,-0.0007876224761642625,1.02
237.0,1.0207876224761643,0.9673233502887466,-0.0007715286109779562,1.02
238.0,1.020771528610978,0.9674744372379049,-0.0007557635994044354,1.02
239.0,1.0207557635994045,0.9676224369554711,-0.0007403207218210639,1.02
240.0,1.020740320721821,0.9677674125243186,-0.000725193395910706,1.02
241.0,1.0207251933959107,0.9679094257383187,-0.0007103751738555264,1.02
242.0,1.0207103751738555,0.9680485371286789,-0.0006958597395898547,1.02
243.0,1.0206958597395899,0.9681848059897438,-0.0006816409061056738,1.02
244.0,1.0206816409061057,0.9683182904042681,-0.000667712612817617,1.02
245.0,1.0206677126128176,0.9684490472681739,-0.0006540689229799224,1.02
246.0,1.02065406892298,0.9685771323148024,-0.0006407040211551251,1.02
247.0,1.0206407040211551,0.9687026001386685,-0.0006276122107349291,1.02
248.0,1.020627612210735,0.9688255042187315,-0.0006147879115128152,1.02
249.0,1.0206147879115128,0.9689458969411896,-0.0006022256573043894,1.02
250.0,1.0206022256573044,0.9690638296218088,-0.0005899200936194671,1.02
251.0,1.0205899200936195,0.9691793525277957,-0.0005778659753781223,1.02
252.0,1.0205778659753781,0.9692925148992231,-0.000566058164676031,1.02
253.0,1.020566058164676,0.9694033649700179,-0.0005544916285940005,1.02
254.0,1.020554491628594,0.9695119499885202,-0.0005431614370519089,1.02
255.0,1.020543161437052,0.9696183162376222,-0.0005320627607106054,1.02
256.0,1.0205320627607106,0.9697225090544961,-0.0005211908689093381,1.02
257.0,1.0205211908689094,0.9698245728499177,-0.0005105411276513649,1.02
258.0,1.0205105411276514,0.9699245511271964,-0.0005001089976284234,1.02
259.0,1.0205001089976284,0.9700224865007175,-0.0004898900322873878,1.02
260.0,1.0204898900322874,0.9701184207141068,-0.0004798798759315659,1.02
261.0,1.0204798798759316,0.9702123946580219,-0.00047007426186795875,1.02
262.0,1.020470074261868,0.9703044483875828,-0.0004604690105873832,1.02
263.0,1.0204604690105874,0.9703946211394442,-0.0004510600279810095,1.02
264.0,1.020451060027981,0.9704829513485191,-0.0004418433035975333,1.02
265.0,1.0204418433035976,0.9705694766643619,-0.000432814908932766,1.02
266.0,1.0204328149089328,0.9706542339672155,-0.0004239709957565285,1.02
267.0,1.0204239709957565,0.9707372593837316,-0.0004153077944706318,1.02
268.0,1.0204153077944706,0.9708185883023686,-0.0004068216125023838,1.02
269.0,1.0204068216125024,0.9708982553884754,-0.00039850883273229165,1.02
270.0,1.0203985088327323,0.9709762945990679,-0.0003903659119508518,1.02
271.0,1.0203903659119509,0.9710527391973017,-0.00038238937934753636,1.02
272.0,1.0203823893793476,0.9711276217666506,-0.00037457583503419656,1.02
273.0,1.0203745758350342,0.9712009742247948,-0.00036692194859289096,1.02
274.0,1.020366921948593,0.9712728278372251,-0.00035942445765901887,1.02
275.0,1.020359424457659,0.9713432132305702,-0.0003520801665282125,1.02
276.0,1.0203520801665282,0.9714121604056496,-0.00034488594479586965,1.02
277.0,1.0203448859447959,0.9714796987502623,-0.0003378387260226656,1.02
278.0,1.0203378387260227,0.9715458570517123,-0.0003309355064273767,1.02
279.0,1.0203309355064274,0.9716106635090787,-0.0003241733436061267,1.02
280.0,1.0203241733436061,0.9716741457452356,-0.0003175493552782793,1.02
281.0,1.0203175493552783,0.9717363308186256,-0.0003110607180589753,1.02
282.0,1.020311060718059,0.9717972452347936,-0.0003047046662540964,1.02
283.0,1.0203047046662541,0.9718569149576834,-0.0002984784906832072,1.02
284.0,1.0202984784906832,0.971915365420706,-0.0002923795375231464,1.02
285.0,1.0202923795375232,0.9719726215375786,-0.0002864052071780421,1.02
286.0,1.020286405207178,0.9720287077129453,-0.0002805529531701989,1.02
287.0,1.0202805529531702,0.9720836478527777,-0.00027482028105563217,1.02
288.0,1.0202748202810556,0.9721374653745658,-0.0002692047473606962,1.02
289.0,1.0202692047473607,0.972190183217299,-0.0002637039585406953,1.02
290.0,1.0202637039585407,0.9722418238512431,-0.00025831556995847826,1.02
291.0,1.0202583155699585,0.9722924092875185,-0.00025303728488679234,1.02
292.0,1.0202530372848868,0.9723419610874815,-0.0002478668535272899,1.02
293.0,1.0202478668535273,0.972390500371915,-0.0002428020720544044,1.02
294.0,1.0202428020720544,0.9724380478300313,-0.0002378407816736594,1.02
295.0,1.0202378407816737,0.9724846237282899,-0.00023298086770240367,1.02
296.0,1.0202329808677024,0.9725302479190362,-0.00022822025866808815,1.02
297.0,1.020228220258668,0.9725749398489629,-0.00022355692542563865,1.02
298.0,1.0202235569254257,0.9726187185673996,-0.00021898888029192598,1.02
299.0,1.020218988880292,0.9726616027344311,-0.0002145141762004421,1.02
300.0,1.0202145141762005,0.9727036106288529,-0.00021013090586885497,1.02
301.0,1.0202101309058689,0.9727447601559603,-0.0002058372009874354,1.02
302.0,1.0202058372009875,0.9727850688551815,-0.0002016312314230273,1.02
303.0,1.020201631231423,0.9728245539075532,-0.0001975112044383387,1.02
304.0,1.0201975112044384,0.9728632321430439,-0.00019347536392699816,1.02
305.0,1.020193475363927,0.9729011200477271,-0.00018952198966726286,1.02
306.0,1.0201895219896673,0.9729382337708087,-0.00018564939658660684,1.02
307.0,1.0201856493965866,0.9729745891315099,-0.000181855934044739,1.02
308.0,1.0201818559340448,0.9730102016258105,-0.00017813998512949958,1.02
309.0,1.0201781399851295,0.9730450864330534,-0.00017449996596829997,1.02
310.0,1.0201744999659683,0.9730792584224148,-0.00017093432505244088,1.02
311.0,1.0201709343250525,0.9731127321592421,-0.0001674415425751974,1.02
312.0,1.0201674415425752,0.9731455219112617,-0.00016402012978655733,1.02
313.0,1.0201640201297866,0.9731776416546613,-0.00016066862835462103,1.02
314.0,1.0201606686283546,0.9732091050800458,-0.0001573856097478732,1.02
315.0,1.020157385609748,0.973239925598274,-0.00015416967462367204,1.02
316.0,1.0201541696746237,0.9732701163461739,-0.00015101945223428004,1.02
317.0,1.0201510194522343,0.9732996901921428,-0.00014793359983866772,1.02
318.0,1.0201479335998387,0.9733286597416314,-0.00014491080213541174,1.02
319.0,1.0201449108021354,0.9733570373425179,-0.00014194977069714731,1.02
320.0,1.0201419497706972,0.9733848350903697,-0.00013904924342433844,1.02
321.0,1.0201390492434244,0.9734120648336,-0.00013620798400681977,1.02
322.0,1.0201362079840068,0.9734387381785178,-0.0001334247813962186,1.02
323.0,1.0201334247813962,0.9734648664942749,-0.00013069844928992325,1.02
324.0,1.02013069844929,0.9734904609177116,-0.00012802782562615356,1.02
325.0,1.0201280278256262,0.9735155323581041,-0.00012541177208791332,1.02
326.0,1.020125411772088,0.973540091501814,-0.00012284917361737868,1.02
327.0,1.0201228491736174,0.9735641488168433,-0.00012033893794205497,1.02
328.0,1.020120338937942,0.9735877145572966,-0.00011787999510781688,1.02
329.0,1.0201178799951078,0.9736107987677514,-0.00011547129702349501,1.02
330.0,1.0201154712970235,0.9736334112875392,-0.00011311181701456618,1.02
331.0,1.0201131118170146,0.9736555617549403,-0.00011080054938461537,1.02
332.0,1.0201108005493846,0.9736772596112911,-0.00010853650898656753,1.02
333.0,1.0201085365089866,0.9736985141050088,-0.00010631873080435561,1.02
334.0,1.0201063187308044,0.9737193342955333,-0.00010414626954013961,1.02
335.0,1.0201041462695402,0.9737397290571884,-0.00010201819921151767,1.02
336.0,1.0201020181992115,0.973759707082965,-9.993361275739687e-05,1.02
337.0,1.0200999336127574,0.9737792768882256,-9.789162165141363e-05,1.02
338.0,1.0200978916216514,0.9737984468143347,-9.589135552223738e-05,1.02
339.0,1.0200958913555223,0.9738172250322132,-9.393196178342222e-05,1.02
340.0,1.0200939319617834,0.9738356195458221,-9.201260527036403e-05,1.02
341.0,1.0200920126052704,0.9738536381955736,-9.013246788303064e-05,1.02
342.0,1.020090132467883,0.9738712886616727,-8.829074823846206e-05,1.02
343.0,1.0200882907482385,0.9738885784673915,-8.648666132859972e-05,1.02
344.0,1.0200864866613286,0.9739055149822753,-8.47194381856653e-05,1.02
345.0,1.0200847194381857,0.9739221054252839,-8.298832555508895e-05,1.02
346.0,1.020082988325555,0.9739383568678688,-8.129258557332264e-05,1.02
347.0,1.0200812925855733,0.973954276236987,-7.96314954540911e-05,1.02
348.0,1.020079631495454,0.973969870318054,-7.800434717997184e-05,1.02
349.0,1.02007800434718,0.9739851457578352,-7.641044720196888e-05,1.02
350.0,1.020076410447202,0.97400010906728,-7.484911614108469e-05,1.02
351.0,1.020074849116141,0.974014766624296,-7.331968850143866e-05,1.02
352.0,1.0200733196885015,0.9740291246764684,-7.182151238560586e-05,1.02
353.0,1.0200718215123856,0.9740431893437224,-7.03539492161731e-05,1.02
354.0,1.0200703539492162,0.9740569666209318,-6.891637346373436e-05,1.02
355.0,1.0200689163734638,0.974070462380474,-6.750817238110329e-05,1.02
356.0,1.0200675081723811,0.9740836823747338,-6.612874574174477e-05,1.02
357.0,1.0200661287457418,0.9740966322385541,-6.477750558375739e-05,1.02
358.0,1.0200647775055838,0.9741093174916393,-6.345387595962926e-05,1.02
359.0,1.0200634538759596,0.9741217435409064,-6.215729268999048e-05,1.02
360.0,1.02006215729269,0.9741339156827905,-6.088720312424911e-05,1.02
361.0,1.0200608872031243,0.9741458391055022,-5.964306590344748e-05,1.02
362.0,1.0200596430659035,0.9741575188912387,-5.842435073089014e-05,1.02
363.0,1.020058424350731,0.9741689600183503,-5.7230538145880416e-05,1.02
364.0,1.020057230538146,0.9741801673634625,-5.606111930211988e-05,1.02
365.0,1.0200560611193021,0.9741911457035541,-5.491559575054872e-05,1.02
366.0,1.0200549155957506,0.974201899717994,-5.379347922729316e-05,1.02
367.0,1.0200537934792273,0.9742124339905348,-5.2694291445609664e-05,1.02
368.0,1.0200526942914456,0.9742227530112676,-5.1617563890937745e-05,1.02
369.0,1.020051617563891,0.9742328611785348,-5.056283762350233e-05,1.02
370.0,1.0200505628376235,0.974242762800806,-4.9529663079805886e-05,1.02
371.0,1.0200495296630798,0.9742524620985132,-4.851759988411253e-05,1.02
372.0,1.0200485175998841,0.974261963205851,-4.7526216657489684e-05,1.02
373.0,1.0200475262166575,0.9742712701725372,-4.655509083706377e-05,1.02
374.0,1.020046555090837,0.9742803869655405,-4.5603808492611364e-05,1.02
375.0,1.0200456038084926,0.9742893174707702,-4.4671964153364385e-05,1.02
376.0,1.0200446719641534,0.974298065494733,-4.375916063326102e-05,1.02
377.0,1.0200437591606333,0.9743066347661556,-4.2865008862413845e-05,1.02
378.0,1.0200428650088624,0.9743150289375739,-4.198912772057639e-05,1.02
379.0,1.0200419891277206,0.9743232515868896,-4.113114387505057e-05,1.02
380.0,1.020041131143875,0.9743313062188955,-4.0290691622146824e-05,1.02
381.0,1.0200402906916222,0.9743391962667693,-3.94674127301986e-05,1.02
382.0,1.0200394674127302,0.974346925093537,-3.8660956288572024e-05,1.02
383.0,1.0200386609562886,0.9743544959935064,-3.7870978555565316e-05,1.02
384.0,1.0200378709785556,0.9743619121936709,-3.70971428134137e-05,1.02
385.0,1.0200370971428134,0.9743691768550851,-3.633911922551469e-05,1.02
386.0,1.0200363391192255,0.9743762930742126,-3.559658469476368e-05,1.02
387.0,1.0200355965846948,0.9743832638842455,-3.486922272588622e-05,1.02
388.0,1.020034869222726,0.9743900922563968,-3.415672329021291e-05,1.02
389.0,1.0200341567232902,0.9743967811011678,-3.345878269511715e-05,1.02
390.0,1.0200334587826951,0.9744033332695877,-3.277510345234269e-05,1.02
391.0,1.0200327751034524,0.9744097515544297,-3.210539415321456e-05,1.02
392.0,1.0200321053941532,0.9744160386914005,-3.144936934340592e-05,1.02
393.0,1.0200314493693434,0.9744221973603071,-3.0806749400813516e-05,1.02
394.0,1.0200308067494008,0.9744282301861987,-3.0177260417652008e-05,1.02
395.0,1.0200301772604177,0.9744341397404856,-2.9560634082548276e-05,1.02
396.0,1.0200295606340826,0.9744399285420352,-2.8956607567298676e-05,1.02
397.0,1.0200289566075673,0.9744455990582456,-2.836492341340424e-05,1.02
398.0,1.0200283649234134,0.9744511537060975,-2.778532942349088e-05,1.02
399.0,1.0200277853294235,0.9744565948531841,-2.7217578553839772e-05,1.02
400.0,1.0200272175785539,0.974461924818721,-2.666142880758393e-05,1.02
401.0,1.0200266614288076,0.9744671458745332,-2.6116643134566075e-05,1.02
402.0,1.0200261166431346,0.9744722602460255,-2.558298932608949e-05,1.02
403.0,1.020025582989326,0.974477270113129,-2.5060239920549066e-05,1.02
404.0,1.0200250602399206,0.974482177611232,-2.454817210240101e-05,1.02
405.0,1.0200245481721024,0.9744869848320888,-2.404656761023638e-05,1.02
406.0,1.0200240465676103,0.9744916938247125,-2.3555212641301893e-05,1.02
407.0,1.0200235552126413,0.974496306596247,-2.3073897762682094e-05,1.02
408.0,1.0200230738977627,0.9745008251128238,-2.2602417819816978e-05,1.02
409.0,1.0200226024178198,0.9745052513003991,-2.2140571851236857e-05,1.02
410.0,1.0200221405718513,0.9745095870455757,-2.1688163001298832e-05,1.02
411.0,1.0200216881630013,0.9745138341964059,-2.1244998437142115e-05,1.02
412.0,1.0200212449984372,0.9745179945631806,-2.081088926564334e-05,1.02
413.0,1.0200208108892657,0.9745220699191994,-2.0385650453702553e-05,1.02
414.0,1.0200203856504537,0.9745260620015278,-1.996910074897329e-05,1.02
415.0,1.020019969100749,0.9745299725117367,-1.9561062602369006e-05,1.02
416.0,1.0200195610626024,0.9745338031166279,-1.916136209345609e-05,1.02
417.0,1.0200191613620935,0.9745375554489448,-1.8769828855624837e-05,1.02
418.0,1.0200187698288556,0.9745412311080683,-1.8386296002814717e-05,1.02
419.0,1.0200183862960028,0.9745448316606984,-1.8010600059570336e-05,1.02
420.0,1.0200180106000596,0.9745483586415217,-1.7642580890653292e-05,1.02
421.0,1.0200176425808907,0.974551813553866,-1.7282081632208346e-05,1.02
422.0,1.0200172820816322,0.9745551978703408,-1.6928948627148444e-05,1.02
423.0,1.0200169289486272,0.9745585130334653,-1.658303135698702e-05,1.02
424.0,1.020016583031357,0.9745617604562826,-1.6244182378999383e-05,1.02
425.0,1.020016244182379,0.9745649415229629,-1.5912257263384078e-05,1.02
426.0,1.0200159122572634,0.9745680575893925,-1.558711453175654e-05,1.02
427.0,1.0200155871145318,0.9745711099837525,-1.526861559697501e-05,1.02
428.0,1.020015268615597,0.9745741000070849,-1.4956624702300303e-05,1.02
429.0,1.0200149566247023,0.9745770289338463,-1.4651008865884663e-05,1.02
430.0,1.020014651008866,0.9745798980124523,-1.4351637823928343e-05,1.02
431.0,1.020014351637824,0.9745827084658086,-1.4058383972948008e-05,1.02
432.0,1.020014058383973,0.974585461491833,-1.3771122317596252e-05,1.02
433.0,1.0200137711223176,0.9745881582639654,-1.3489730416038626e-05,1.02
434.0,1.020013489730416,0.9745907999316683,-1.3214088329549512e-05,1.02
435.0,1.0200132140883296,0.974593387620917,-1.2944078568999373e-05,1.02
436.0,1.020012944078569,0.9745959224346786,-1.2679586046671076e-05,1.02
437.0,1.0200126795860467,0.9745984054533835,-1.2420498026077809e-05,1.02
438.0,1.020012420498026,0.9746008377353846,-1.2166704074445533e-05,1.02
439.0,1.0200121667040745,0.9746032203174092,-1.1918096015195445e-05,1.02
440.0,1.0200119180960152,0.9746055542150004,-1.1674567882868914e-05,1.02
441.0,1.0200116745678829,0.9746078404229506,-1.1436015877164252e-05,1.02
442.0,1.0200114360158772,0.9746100799157248,-1.120233831786166e-05,1.02
443.0,1.0200112023383179,0.9746122736478765,-1.0973435603300885e-05,1.02
444.0,1.0200109734356033,0.9746144225544543,-1.0749210166860479e-05,1.02
445.0,1.0200107492101669,0.9746165275514004,-1.0529566435879545e-05,1.02
446.0,1.020010529566436,0.9746185895359414,-1.0314410790135398e-05,1.02
447.0,1.0200103144107902,0.9746206093869703,-1.0103651521875534e-05,1.02
448.0,1.020010103651522,0.974622587965421,-9.897198798292095e-06,1.02
449.0,1.0200098971987983,0.9746245261146359,-9.694964621331792e-06,1.02
450.0,1.0200096949646213,0.9746264246607247,-9.496862791280591e-06,1.02
451.0,1.0200094968627913,0.9746282844129169,-9.3028088703484e-06,1.02
452.0,1.0200093028088704,0.9746301061639069,-9.11272014625375e-06,1.02
453.0,1.0200091127201463,0.9746318906901913,-8.926515595364393e-06,1.02
454.0,1.0200089265155954,0.9746336387524003,-8.744115850944922e-06,1.02
455.0,1.020008744115851,0.9746353510956216,-8.565443167185549e-06,1.02
456.0,1.0200085654431672,0.9746370284497182,-8.39042138744972e-06,1.02
457.0,1.0200083904213875,0.9746386715296398,-8.218975910745385e-06,1.02
458.0,1.0200082189759108,0.9746402810357266,-8.05103366152693e-06,1.02
459.0,1.0200080510336615,0.9746418576540091,-7.886523056166439e-06,1.02
460.0,1.0200078865230562,0.9746434020564994,-7.72537397453199e-06,1.02
461.0,1.0200077253739745,0.9746449149014779,-7.567517728457318e-06,1.02
462.0,1.0200075675177285,0.9746463968337744,-7.412887034208282e-06,1.02
463.0,1.0200074128870342,0.9746478484850424,-7.2614159827288915e-06,1.02
464.0,1.0200072614159827,0.9746492704740287,-7.113040011663685e-06,1.02
465.0,1.0200071130400117,0.9746506634068368,-6.967695877380109e-06,1.02
466.0,1.0200069676958774,0.9746520278771854,-6.8253216289893e-06,1.02
467.0,1.020006825321629,0.9746533644666615,-6.685856581256644e-06,1.02
468.0,1.0200066858565813,0.9746546737449682,-6.5492412892886875e-06,1.02
469.0,1.0200065492412893,0.9746559562701677,-6.415417522553923e-06,1.02
470.0,1.0200064154175226,0.9746572125889189,-6.284328241124015e-06,1.02
471.0,1.0200062843282411,0.9746584432367108,-6.155917569028446e-06,1.02
472.0,1.020006155917569,0.9746596487380902,-6.030130773382325e-06,1.02
473.0,1.0200060301307734,0.9746608296068858,-5.906914239739436e-06,1.02
474.0,1.0200059069142398,0.9746619863464271,-5.786215447667331e-06,1.02
475.0,1.0200057862154477,0.9746631194497583,-5.667982951651496e-06,1.02
476.0,1.0200056679829517,0.9746642293998494,-5.552166356448396e-06,1.02
477.0,1.0200055521663565,0.9746653166698017,-5.4387162966573754e-06,1.02
478.0,1.0200054387162967,0.9746663817230491,-5.327584416070508e-06,1.02
479.0,1.020005327584416,0.9746674250135562,-5.218723345912224e-06,1.02
480.0,1.020005218723346,0.9746684469860113,-5.112086685965522e-06,1.02
481.0,1.020005112086686,0.9746694480760165,-5.007628984143864e-06,1.02
482.0,1.0200050076289842,0.974670428710273,-4.905305716285113e-06,1.02
483.0,1.0200049053057163,0.9746713893067627,-4.805073268610016e-06,1.02
484.0,1.0200048050732686,0.9746723302749268,-4.706888917960228e-06,1.02
485.0,1.020004706888918,0.9746732520158403,-4.61071081470088e-06,1.02
486.0,1.0200046107108147,0.9746741549223826,-4.516497964734967e-06,1.02
487.0,1.0200045164979648,0.9746750393794056,-4.424210210851598e-06,1.02
488.0,1.0200044242102109,0.974675905763897,-4.333808216294699e-06,1.02
489.0,1.0200043338082163,0.9746767544451412,-4.245253448553754e-06,1.02
490.0,1.0200042452534486,0.9746775857848774,-4.158508162710461e-06,1.02
491.0,1.0200041585081627,0.9746784001374528,-4.073535384563343e-06,1.02
492.0,1.0200040735353846,0.974679197849974,-3.990298896194844e-06,1.02
493.0,1.0200039902988962,0.9746799792624556,-3.908763218651856e-06,1.02
494.0,1.0200039087632187,0.9746807447079638,-3.828893597956906e-06,1.02
495.0,1.020003828893598,0.9746814945127592,-3.7506559913413895e-06,1.02
496.0,1.0200037506559914,0.9746822289964362,-3.674017050814271e-06,1.02
497.0,1.0200036740170508,0.9746829484720582,-3.598944110505542e-06,1.02
498.0,1.0200035989441105,0.9746836532462922,-3.5254051715671864e-06,1.02
499.0,1.0200035254051716,0.9746843436195388,-3.4533688888505054e-06,1.02
500.0,1.0200034533688889,0.97468501988606,-3.382804557583441e-06,1.02
501.0,1.0200033828045576,0.9746856823341054,-3.3136821013801665e-06,1.02
502.0,1.0200033136821014,0.9746863312460344,-3.24597205692001e-06,1.02
503.0,1.020003245972057,0.9746869668984369,-3.1796455639554466e-06,1.02
504.0,1.020003179645564,0.9746875895622511,-3.1146743513232877e-06,1.02
505.0,1.0200031146743513,0.9746881995028788,-3.0510307267306302e-06,1.02
506.0,1.0200030510307267,0.9746887969802992,-2.9886875623219566e-06,1.02
507.0,1.0200029886875623,0.9746893822491788,-2.9276182860193956e-06,1.02
508.0,1.020002927618286,0.9746899555589807,-2.867796867311867e-06,1.02
509.0,1.0200028677968673,0.9746905171540704,-2.8091978081512536e-06,1.02
510.0,1.0200028091978082,0.9746910672738203,-2.751796130961992e-06,1.02
511.0,1.020002751796131,0.974691606152711,-2.695567369981333e-06,1.02
512.0,1.02000269556737,0.9746921340204328,-2.6404875577146214e-06,1.02
513.0,1.0200026404875577,0.9746926511019818,-2.5865332178298672e-06,1.02
514.0,1.0200025865332178,0.9746931576177573,-2.5336813527232493e-06,1.02
515.0,1.0200025336813527,0.9746936537836548,-2.4819094350814197e-06,1.02
516.0,1.020002481909435,0.9746941398111583,-2.4311953978894962e-06,1.02
517.0,1.020002431195398,0.9746946159074303,-2.3815176244390557e-06,1.02
518.0,1.0200023815176245,0.9746950822754005,-2.332854940778617e-06,1.02
519.0,1.0200023328549408,0.9746955391138519,-2.285186604611411e-06,1.02
520.0,1.0200022851866046,0.9746959866175056,-2.238492298411998e-06,1.02
521.0,1.0200022384922984,0.974696424977104,-2.1927521192122157e-06,1.02
522.0,1.0200021927521192,0.9746968543794919,-2.147946570607573e-06,1.02
523.0,1.0200021479465706,0.9746972750076963,-2.104056555207734e-06,1.02
524.0,1.0200021040565552,0.9746976870410042,-2.0610633655326893e-06,1.02
525.0,1.0200020610633656,0.9746980906550394,-2.0189486762411946e-06,1.02
526.0,1.0200020189486763,0.9746984860218367,-1.9776945361371645e-06,1.02
527.0,1.0200019776945362,0.9746988733099159,-1.9372833612862905e-06,1.02
528.0,1.0200019372833613,0.9746992526843532,-1.8976979276885686e-06,1.02
529.0,1.0200018976979277,0.974699624306852,-1.8589213621744705e-06,1.02
530.0,1.0200018589213622,0.9746999883358114,-1.8209371370758731e-06,1.02
531.0,1.020001820937137,0.9747003449263938,-1.7837290615663193e-06,1.02
532.0,1.0200017837290616,0.974700694230591,-1.7472812763319467e-06,1.02
533.0,1.0200017472812763,0.9747010363972892,-1.7115782455778827e-06,1.02
534.0,1.0200017115782456,0.9747013715723323,-1.676604751921218e-06,1.02
535.0,1.020001676604752,0.9747016998985839,-1.6423458886194453e-06,1.02
536.0,1.0200016423458886,0.974702021515989,-1.6087870524650327e-06,1.02
537.0,1.0200016087870525,0.9747023365616322,-1.5759139402327094e-06,1.02
538.0,1.0200015759139403,0.9747026451697979,-1.5437125402417706e-06,1.02
539.0,1.0200015437125403,0.9747029474720259,-1.5121691265829185e-06,1.02
540.0,1.0200015121691266,0.9747032435971685,-1.4812702544553247e-06,1.02
541.0,1.0200014812702545,0.9747035336714449,-1.451002753949382e-06,1.02
542.0,1.020001451002754,0.9747038178184956,-1.4213537236074103e-06,1.02
543.0,1.0200014213537236,0.9747040961594342,-1.392310525982765e-06,1.02
544.0,1.020001392310526,0.9747043688128998,-1.3638607820887216e-06,1.02
545.0,1.020001363860782,0.9747046358951075,-1.3359923651812267e-06,1.02
546.0,1.0200013359923652,0.9747048975198971,-1.3086933965400505e-06,1.02
547.0,1.0200013086933966,0.9747051537987826,-1.2819522408058504e-06,1.02
548.0,1.0200012819522408,0.9747054048409997,-1.2557574999849663e-06,1.02
549.0,1.0200012557575,0.9747056507535515,-1.2300980092305736e-06,1.02
550.0,1.0200012300980092,0.9747058916412552,-1.2049628310695226e-06,1.02
551.0,1.020001204962831,0.9747061276067858,-1.1803412516275813e-06,1.02
552.0,1.0200011803412516,0.9747063587507202,-1.156222776410587e-06,1.02
553.0,1.0200011562227764,0.9747065851715805,-1.1325971258635548e-06,1.02
554.0,1.0200011325971259,0.9747068069658756,-1.1094542295975174e-06,1.02
555.0,1.0200011094542296,0.9747070242281423,-1.086784223280901e-06,1.02
556.0,1.0200010867842233,0.9747072370509856,-1.0645774435324995e-06,1.02
557.0,1.0200010645774436,0.9747074455251183,-1.0428244257010277e-06,1.02
558.0,1.0200010428244257,0.9747076497393999,-1.0215158974258287e-06,1.02
559.0,1.0200010215158974,0.9747078497808738,-1.0006427761943826e-06,1.02
560.0,1.0200010006427762,0.9747080457348049,-9.80196165789593e-07,1.02
561.0,1.0200009801961658,0.9747082376847159,-9.601673505166275e-07,1.02
562.0,1.0200009601673505,0.974708425712423,-9.405477936486051e-07,1.02
563.0,1.0200009405477937,0.9747086098980703,-9.213291325416151e-07,1.02
564.0,1.0200009213291326,0.9747087903201646,-9.02503175304048e-07,1.02
565.0,1.0200009025031753,0.9747089670556082,-8.840618981320603e-07,1.02
566.0,1.0200008840618981,0.9747091401797323,-8.659974399805037e-07,1.02
567.0,1.02000086599744,0.9747093097663286,-8.483021021188364e-07,1.02
568.0,1.0200008483021021,0.9747094758876814,-8.309683410256952e-07,1.02
569.0,1.020000830968341,0.9747096386145974,-8.139887694991188e-07,1.02
570.0,1.0200008139887695,0.974709798016437,-7.97356149329076e-07,1.02
571.0,1.0200007973561493,0.9747099541611428,-7.810633917415544e-07,1.02
572.0,1.0200007810633918,0.9747101071152696,-7.651035516254012e-07,1.02
573.0,1.0200007651035516,0.9747102569440119,-7.494698262000554e-07,1.02
574.0,1.0200007494698262,0.9747104037112321,-7.341555523510124e-07,1.02
575.0,1.0200007341555524,0.9747105474794878,-7.191542021889319e-07,1.02
576.0,1.0200007191542022,0.9747106883100582,-7.044593823835044e-07,1.02
577.0,1.0200007044593824,0.9747108262629708,-6.900648281682464e-07,1.02
578.0,1.0200006900648282,0.9747109613970255,-6.75964404450724e-07,1.02
579.0,1.0200006759644045,0.9747110937698217,-6.621521015937049e-07,1.02
580.0,1.0200006621521016,0.9747112234377814,-6.486220318624447e-07,1.02
581.0,1.0200006486220319,0.9747113504561737,-6.353684287585537e-07,1.02
582.0,1.0200006353684288,0.9747114748791389,-6.223856432452379e-07,1.02
583.0,1.0200006223856433,0.9747115967597104,-6.096681410827642e-07,1.02
584.0,1.020000609668141,0.9747117161498382,-5.972105017182372e-07,1.02
585.0,1.0200005972105017,0.9747118331004107,-5.850074156210638e-07,1.02
586.0,1.0200005850074156,0.9747119476612766,-5.730536805081954e-07,1.02
587.0,1.0200005730536805,0.9747120598812656,-5.613442017882164e-07,1.02
588.0,1.0200005613442018,0.9747121698082102,-5.498739881204529e-07,1.02
589.0,1.0200005498739881,0.974712277488965,-5.386381509708826e-07,1.02
590.0,1.020000538638151,0.9747123829694277,-5.276319008373775e-07,1.02
591.0,1.0200005276319009,0.9747124862945579,-5.168505468056139e-07,1.02
592.0,1.0200005168505468,0.9747125875083964,-5.062894932184037e-07,1.02
593.0,1.0200005062894932,0.9747126866540843,-4.959442390095603e-07,1.02
594.0,1.020000495944239,0.9747127837738813,-4.858103745952747e-07,1.02
595.0,1.0200004858103746,0.9747128789091833,-4.758835800977579e-07,1.02
596.0,1.0200004758835801,0.9747129721005405,-4.6615962467910776e-07,1.02
597.0,1.0200004661596247,0.9747130633876744,-4.5663436321063955e-07,1.02
598.0,1.0200004566343632,0.9747131528094947,-4.47303735162663e-07,1.02
599.0,1.0200004473037352,0.9747132404041161,-4.3816376482652686e-07,1.02
600.0,1.0200004381637648,0.974713326208875,-4.29210555763504e-07,1.02
601.0,1.0200004292105558,0.9747134102603443,-4.204402921370587e-07,1.02
602.0,1.0200004204402922,0.97471349259435,-4.118492351601333e-07,1.02
603.0,1.0200004118492352,0.9747135732459857,-4.034337235392371e-07,1.02
604.0,1.0200004034337236,0.9747136522496281,-3.9519016992173306e-07,1.02
605.0,1.02000039519017,0.9747137296389514,-3.8711506089583736e-07,1.02
606.0,1.020000387115061,0.9747138054469419,-3.792049545481291e-07,1.02
607.0,1.0200003792049546,0.9747138797059115,-3.7145647957537165e-07,1.02
608.0,1.0200003714564796,0.9747139524475124,-3.63866332397933e-07,1.02
609.0,1.0200003638663324,0.9747140237027494,-3.5643127827000853e-07,1.02
610.0,1.0200003564312783,0.9747140935019942,-3.491481481709968e-07,1.02
611.0,1.0200003491481482,0.9747141618749978,-3.420138374732318e-07,1.02
612.0,1.0200003420138375,0.9747142288509031,-3.3502530594198277e-07,1.02
613.0,1.020000335025306,0.974714294458258,-3.281795744047855e-07,1.02
614.0,1.0200003281795744,0.9747143587250265,-3.214737249734867e-07,1.02
615.0,1.020000321473725,0.9747144216786017,-3.149048994899317e-07,1.02
616.0,1.0200003149048995,0.9747144833458165,-3.084702977496079e-07,1.02
617.0,1.0200003084702978,0.9747145437529556,-3.0216717727959974e-07,1.02
618.0,1.0200003021671773,0.9747146029257671,-2.959928515622323e-07,1.02
619.0,1.0200002959928516,0.9747146608894722,-2.8994468848075883e-07,1.02
620.0,1.0200002899446885,0.9747147176687773,-2.840201105414053e-07,1.02
621.0,1.0200002840201106,0.9747147732878838,-2.782165922088353e-07,1.02
622.0,1.0200002782165922,0.9747148277704986,-2.7253165990615e-07,1.02
623.0,1.02000027253166,0.9747148811398441,-2.6696289068262047e-07,1.02
624.0,1.0200002669628907,0.9747149334186683,-2.615079106593754e-07,1.02
625.0,1.0200002615079107,0.9747149846292545,-2.5616439502940125e-07,1.02
626.0,1.020000256164395,0.9747150347934305,-2.509300660591407e-07,1.02
627.0,1.020000250930066,0.9747150839325779,-2.4580269220031425e-07,1.02
628.0,1.0200002458026922,0.9747151320676415,-2.4078008875605406e-07,1.02
629.0,1.0200002407800888,0.9747151792191385,-2.358601143281902e-07,1.02
630.0,1.0200002358601143,0.9747152254071665,-2.310406725936076e-07,1.02
631.0,1.0200002310406726,0.9747152706514127,-2.263197087515323e-07,1.02
632.0,1.0200002263197088,0.9747153149711617,-2.216952104117098e-07,1.02
633.0,1.0200002216952104,0.9747153583853041,-2.1716520670622685e-07,1.02
634.0,1.0200002171652067,0.9747154009123448,-2.127277665131544e-07,1.02
635.0,1.0200002127277665,0.97471544257041,-2.0838099890063688e-07,1.02
636.0,1.020000208380999,0.9747154833772563,-2.0412305068440162e-07,1.02
637.0,1.0200002041230507,0.9747155233502768,-1.9995210731593716e-07,1.02
638.0,1.0200001999521073,0.9747155625065095,-1.9586638999591344e-07,1.02
639.0,1.02000019586639,0.974715600862644,-1.9186415878280627e-07,1.02
640.0,1.0200001918641588,0.9747156384350295,-1.879437070417822e-07,1.02
641.0,1.020000187943707,0.9747156752396806,-1.8410336388718918e-07,1.02
642.0,1.020000184103364,0.9747157112922847,-1.8034149218415507e-07,1.02
643.0,1.0200001803414922,0.9747157466082088,-1.7665648854858773e-07,1.02
644.0,1.0200001766564886,0.9747157812025058,-1.730467822369519e-07,1.02
645.0,1.0200001730467823,0.974715815089921,-1.695108349242247e-07,1.02
646.0,1.020000169510835,0.9747158482848985,-1.6604713959367245e-07,1.02
647.0,1.0200001660471396,0.9747158808015873,-1.6265421898253862e-07,1.02
648.0,1.020000162654219,0.974715912653847,-1.5933062802453435e-07,1.02
649.0,1.020000159330628,0.9747159438552545,-1.560749494089464e-07,1.02
650.0,1.0200001560749494,0.9747159744191087,-1.528857958010832e-07,1.02
651.0,1.0200001528857958,0.9747160043584372,-1.4976180762182878e-07,1.02
652.0,1.0200001497618076,0.974716033686001,-1.4670165326968743e-07,1.02
653.0,1.0200001467016533,0.9747160624143008,-1.437040282326052e-07,1.02
654.0,1.0200001437040283,0.9747160905555814,-1.4076765531001456e-07,1.02
655.0,1.0200001407676553,0.9747161181218379,-1.3789128283647756e-07,1.02
656.0,1.0200001378912829,0.97471614512482,-1.3507368445964119e-07,1.02
657.0,1.0200001350736845,0.9747161715760372,-1.3231365980637122e-07,1.02
658.0,1.0200001323136598,0.9747161974867643,-1.2961003204026156e-07,1.02
659.0,1.020000129610032,0.9747162228680452,-1.2696164874981264e-07,1.02
660.0,1.0200001269616488,0.9747162477306983,-1.2436738106025302e-07,1.02
661.0,1.020000124367381,0.974716272085321,-1.2182612274536098e-07,1.02
662.0,1.0200001218261228,0.9747162959422938,-1.1933679133768749e-07,1.02
663.0,1.0200001193367914,0.9747163193117858,-1.1689832568606562e-07,1.02
664.0,1.0200001168983257,0.9747163422037578,-1.1450968639969972e-07,1.02
665.0,1.0200001145096864,0.9747163646279672,-1.121698554040762e-07,1.02
666.0,1.0200001121698554,0.9747163865939721,-1.0987783527482975e-07,1.02
667.0,1.0200001098778353,0.9747164081111351,-1.076326494597879e-07,1.02
668.0,1.0200001076326495,0.9747164291886279,-1.0543334028056961e-07,1.02
669.0,1.0200001054333403,0.9747164498354342,-1.032789709309867e-07,1.02
670.0,1.020000103278971,0.9747164700603544,-1.0116862236841939e-07,1.02
671.0,1.0200001011686224,0.9747164898720092,-9.910139575630694e-08,1.02
672.0,1.0200000991013958,0.9747165092788431,-9.70764097996124e-08,1.02
673.0,1.0200000970764098,0.9747165282891279,-9.509280163300105e-08,1.02
674.0,1.0200000950928017,0.9747165469109665,-9.314972504448349e-08,1.02
675.0,1.020000093149725,0.9747165651522962,-9.124635180768337e-08,1.02
676.0,1.0200000912463518,0.9747165830208919,-8.938187168183731e-08,1.02
677.0,1.0200000893818717,0.9747166005243703,-8.755548930317048e-08,1.02
678.0,1.0200000875554893,0.9747166176701917,-8.57664264053426e-08,1.02
679.0,1.0200000857664264,0.9747166344656644,-8.401392026513577e-08,1.02
680.0,1.0200000840139203,0.9747166509179472,-8.229722392449901e-08,1.02
681.0,1.020000082297224,0.9747166670340528,-8.061560552441449e-08,1.02
682.0,1.0200000806156055,0.9747166828208502,-7.896834852694212e-08,1.02
683.0,1.0200000789683485,0.9747166982850686,-7.735475038295192e-08,1.02
684.0,1.0200000773547504,0.974716713433299,-7.577412386439164e-08,1.02
685.0,1.0200000757741239,0.9747167282719984,-7.422579462179613e-08,1.02
686.0,1.0200000742257946,0.9747167428074914,-7.270910362677796e-08,1.02
687.0,1.0200000727091036,0.9747167570459739,-7.122340384135839e-08,1.02
688.0,1.0200000712234039,0.9747167709935147,-6.976806243841338e-08,1.02
689.0,1.0200000697680625,0.9747167846560589,-6.834245835918296e-08,1.02
690.0,1.0200000683424584,0.9747167980394298,-6.694598453371725e-08,1.02
691.0,1.0200000669459846,0.9747168111493318,-6.557804521634125e-08,1.02
692.0,1.0200000655780452,0.9747168239913531,-6.423805798405624e-08,1.02
693.0,1.020000064238058,0.9747168365709673,-6.292545107200453e-08,1.02
694.0,1.020000062925451,0.9747168488935362,-6.163966559391554e-08,1.02
695.0,1.0200000616396656,0.9747168609643122,-6.038015309961509e-08,1.02
696.0,1.0200000603801531,0.9747168727884403,-5.9146376463203865e-08,1.02
697.0,1.0200000591463765,0.9747168843709604,-5.7937810549191227e-08,1.02
698.0,1.0200000579378106,0.9747168957168093,-5.675393954795993e-08,1.02
699.0,1.0200000567539396,0.974716906830823,-5.559425919621219e-08,1.02
700.0,1.0200000555942592,0.9747169177177388,-5.445827522265745e-08,1.02
701.0,1.0200000544582752,0.974716928382197,-5.334550312596775e-08,1.02
702.0,1.0200000533455031,0.9747169388287432,-5.2255469062956195e-08,1.02
703.0,1.020000052255469,0.9747169490618302,-5.118770807222006e-08,1.02
704.0,1.020000051187708,0.9747169590858196,-5.014176518436386e-08,1.02
705.0,1.0200000501417652,0.974716968904984,-4.911719453382091e-08,1.02
706.0,1.0200000491171946,0.9747169785235089,-4.811356002498712e-08,1.02
707.0,1.02000004811356,0.974716987945494,-4.71304328897304e-08,1.02
708.0,1.020000047130433,0.9747169971749552,-4.6167394573970455e-08,1.02
709.0,1.0200000461673946,0.9747170062158264,-4.5224033851098966e-08,1.02
710.0,1.0200000452240339,0.974717015071961,-4.4299949486514834e-08,1.02
711.0,1.0200000442999495,0.974717023747134,-4.3394747351044316e-08,1.02
712.0,1.0200000433947474,0.974717032245043,-4.2508041975253263e-08,1.02
713.0,1.020000042508042,0.9747170405693104,-4.1639454995134884e-08,1.02
714.0,1.020000041639455,0.9747170487234841,-4.078861604028816e-08,1.02
715.0,1.020000040788616,0.9747170567110395,-3.995516273391786e-08,1.02
716.0,1.0200000399551628,0.9747170645353813,-3.913873936056689e-08,1.02
717.0,1.0200000391387394,0.9747170721998445,-3.833899908656235e-08,1.02
718.0,1.020000038338999,0.9747170797076963,-3.755559996321267e-08,1.02
719.0,1.0200000375556,0.9747170870621364,-3.678820870156585e-08,1.02
720.0,1.0200000367882087,0.9747170942662999,-3.6036497785829624e-08,1.02
721.0,1.0200000360364978,0.9747171013232573,-3.530014702768369e-08,1.02
722.0,1.020000035300147,0.9747171082360165,-3.4578842234012086e-08,1.02
723.0,1.0200000345788423,0.974717115007524,-3.387227587303698e-08,1.02
724.0,1.020000033872276,0.9747171216406659,-3.318014751840792e-08,1.02
725.0,1.0200000331801475,0.9747171281382697,-3.250216185080035e-08,1.02
726.0,1.0200000325021619,0.974717134503105,-3.1838029768138654e-08,1.02
727.0,1.0200000318380298,0.9747171407378846,-3.118746838559616e-08,1.02
728.0,1.0200000311874684,0.974717146845266,-3.055019992537211e-08,1.02
729.0,1.0200000305502,0.9747171528278523,-2.992595327100389e-08,1.02
730.0,1.0200000299259533,0.9747171586881936,-2.9314461968965588e-08,1.02
731.0,1.020000029314462,0.9747171644287878,-2.8715465338891022e-08,1.02
732.0,1.0200000287154654,0.9747171700520816,-2.8128708917662948e-08,1.02
733.0,1.020000028128709,0.9747171755604721,-2.75539417948778e-08,1.02
734.0,1.0200000275539418,0.9747171809563071,-2.699091905533635e-08,1.02
735.0,1.020000026990919,0.9747171862418863,-2.6439400668820667e-08,1.02
736.0,1.0200000264394007,0.9747171914194628,-2.589915149009414e-08,1.02
737.0,1.0200000258991515,0.9747171964912433,-2.5369942147079882e-08,1.02
738.0,1.0200000253699422,0.9747172014593899,-2.4851545932236263e-08,1.02
739.0,1.020000024851546,0.9747172063260198,-2.4343742577315197e-08,1.02
740.0,1.0200000243437426,0.9747172110932076,-2.3846315144737673e-08,1.02
741.0,1.0200000238463152,0.9747172157629851,-2.3359051803950592e-08,1.02
742.0,1.0200000233590518,0.9747172203373428,-2.288174494324835e-08,1.02
743.0,1.020000022881745,0.9747172248182303,-2.241419139181744e-08,1.02
744.0,1.0200000224141914,0.9747172292075579,-2.195619130951343e-08,1.02
745.0,1.0200000219561913,0.9747172335071961,-2.1507549963217798e-08,1.02
746.0,1.02000002150755,0.9747172377189779,-2.1068076394570312e-08,1.02
747.0,1.0200000210680764,0.9747172418446984,-2.06375825317906e-08,1.02
748.0,1.0200000206375825,0.9747172458861162,-2.021588496603499e-08,1.02
749.0,1.020000020215885,0.9747172498449537,-1.9802804063218105e-08,1.02
750.0,1.020000019802804,0.9747172537228983,-1.9398163964012838e-08,1.02
751.0,1.020000019398164,0.9747172575216031,-1.900179191771656e-08,1.02
752.0,1.020000019001792,0.9747172612426871,-1.8613519170429527e-08,1.02
753.0,1.0200000186135192,0.9747172648877364,-1.823318029892107e-08,1.02
754.0,1.0200000182331803,0.9747172684583046,-1.786061298858499e-08,1.02
755.0,1.020000017860613,0.9747172719559137,-1.7495658477528764e-08,1.02
756.0,1.0200000174956585,0.9747172753820544,-1.7138161334528945e-08,1.02
757.0,1.0200000171381614,0.9747172787381873,-1.678796901494195e-08,1.02
758.0,1.020000016787969,0.9747172820257426,-1.6444932526837874e-08,1.02
759.0,1.0200000164449325,0.9747172852461218,-1.6108905098732862e-08,1.02
760.0,1.0200000161089051,0.9747172884006974,-1.5779744400035156e-08,1.02
761.0,1.0200000157797444,0.9747172914908141,-1.5457309210376025e-08,1.02
762.0,1.0200000154573092,0.9747172945177889,-1.5141462750278833e-08,1.02
763.0,1.0200000151414628,0.9747172974829121,-1.4832070238668393e-08,1.02
764.0,1.0200000148320703,0.9747173003874476,-1.4528999336960169e-08,1.02
765.0,1.0200000145289994,0.9747173032326333,-1.4232121481327908e-08,1.02
766.0,1.0200000142321215,0.974717306019682,-1.39413098843022e-08,1.02
767.0,1.02000001394131,0.9747173087497816,-1.3656440644993495e-08,1.02
768.0,1.0200000136564407,0.9747173114240958,-1.3377391638869085e-08,1.02
769.0,1.0200000133773917,0.9747173140437643,-1.3104044960243755e-08,1.02
770.0,1.020000013104045,0.9747173166099039,-1.2836283591610709e-08,1.02
771.0,1.0200000128362836,0.9747173191236084,-1.257399406817683e-08,1.02
772.0,1.020000012573994,0.9747173215859493,-1.2317063591282817e-08,1.02
773.0,1.0200000123170636,0.9747173239979758,-1.2065383137027652e-08,1.02
774.0,1.0200000120653832,0.9747173263607164,-1.1818845457867155e-08,1.02
775.0,1.0200000118188455,0.9747173286751779,-1.1577345304658593e-08,1.02
776.0,1.0200000115773453,0.9747173309423469,-1.1340779870749884e-08,1.02
777.0,1.0200000113407799,0.9747173331631899,-1.1109048569934998e-08,1.02
778.0,1.0200000111090486,0.9747173353386533,-1.0882052592364744e-08,1.02
779.0,1.0200000108820526,0.9747173374696646,-1.0659694238412953e-08,1.02
780.0,1.0200000106596943,0.9747173395571318,-1.0441879805256349e-08,1.02
781.0,1.0200000104418798,0.9747173416019448,-1.0228515812116257e-08,1.02
782.0,1.0200000102285158,0.9747173436049752,-1.0019511442749263e-08,1.02
783.0,1.0200000100195115,0.9747173455670766,-9.814777879313397e-09,1.02
784.0,1.020000009814778,0.9747173474890855,-9.614227858278923e-09,1.02
785.0,1.0200000096142279,0.974717349371821,-9.417775892472946e-09,1.02
786.0,1.020000009417776,0.9747173512160858,-9.225338049034804e-09,1.02
787.0,1.020000009225338,0.9747173530226659,-9.036832393505279e-09,1.02
788.0,1.0200000090368324,0.9747173547923312,-8.852178323692783e-09,1.02
789.0,1.0200000088521783,0.9747173565258361,-8.671297457851779e-09,1.02
790.0,1.0200000086712975,0.9747173582239195,-8.494112746504356e-09,1.02
791.0,1.0200000084941128,0.974717359887305,-8.320548250395632e-09,1.02
792.0,1.0200000083205483,0.9747173615167017,-8.150530472761375e-09,1.02
793.0,1.0200000081505305,0.9747173631128042,-7.98398658297117e-09,1.02
794.0,1.0200000079839866,0.9747173646762928,-7.82084597084065e-09,1.02
795.0,1.020000007820846,0.9747173662078339,-7.661038914363871e-09,1.02
796.0,1.020000007661039,0.9747173677080803,-7.504497467891724e-09,1.02
797.0,1.0200000075044975,0.9747173691776715,-7.351154573953522e-09,1.02
798.0,1.0200000073511546,0.9747173706172338,-7.200945173480022e-09,1.02
799.0,1.0200000072009452,0.9747173720273811,-7.053805317625006e-09,1.02
800.0,1.0200000070538053,0.9747173734087141,-6.909671501631465e-09,1.02
801.0,1.0200000069096715,0.9747173747618217,-6.768482885277649e-09,1.02
802.0,1.020000006768483,0.9747173760872806,-6.6301790724310194e-09,1.02
803.0,1.020000006630179,0.9747173773856557,-6.494701443315876e-09,1.02
804.0,1.0200000064947015,0.9747173786575004,-6.361991822245727e-09,1.02
805.0,1.0200000063619918,0.9747173799033569,-6.231994253980133e-09,1.02
806.0,1.0200000062319943,0.9747173811237563,-6.104652783278652e-09,1.02
807.0,1.0200000061046528,0.9747173823192186,-5.979913453302288e-09,1.02
808.0,1.0200000059799135,0.9747173834902534,-5.857723195390463e-09,1.02
809.0,1.0200000058577232,0.97471738463736,-5.73802938497181e-09,1.02
810.0,1.0200000057380294,0.9747173857610272,-5.620781617921011e-09,1.02
811.0,1.0200000056207816,0.9747173868617339,-5.505929268068144e-09,1.02
812.0,1.0200000055059293,0.9747173879399492,-5.393423929689334e-09,1.02
813.0,1.020000005393424,0.9747173889961329,-5.283217419105313e-09,1.02
814.0,1.0200000052832174,0.9747173900307351,-5.175262884904441e-09,1.02
815.0,1.020000005175263,0.9747173910441967,-5.069514141808895e-09,1.02
816.0,1.0200000050695142,0.9747173920369498,-4.965926780897689e-09,1.02
817.0,1.0200000049659268,0.9747173930094177,-4.864455727116024e-09,1.02
818.0,1.0200000048644557,0.9747173939620146,-4.765058125855148e-09,1.02
819.0,1.0200000047650581,0.9747173948951467,-4.667691344550917e-09,1.02
820.0,1.0200000046676914,0.9747173958092117,-4.572314304951419e-09,1.02
821.0,1.0200000045723143,0.9747173967045991,-4.4788857067601384e-09,1.02
822.0,1.0200000044788857,0.9747173975816905,-4.387366470126608e-09,1.02
823.0,1.0200000043873665,0.97471739844086,-4.297717515200361e-09,1.02
824.0,1.0200000042977175,0.9747173992824738,-4.209900428264746e-09,1.02
825.0,1.0200000042099004,0.9747174001068905,-4.123877683781529e-09,1.02
826.0,1.0200000041238777,0.9747174009144615,-4.03961220030169e-09,1.02
827.0,1.0200000040396122,0.9747174017055308,-3.957068894777649e-09,1.02
828.0,1.020000003957069,0.9747174024804359,-3.8762122400726184e-09,1.02
829.0,1.0200000038762123,0.9747174032395071,-3.797007819272835e-09,1.02
830.0,1.0200000037970078,0.9747174039830677,-3.7194214375091406e-09,1.02
831.0,1.0200000037194215,0.9747174047114348,-3.6434208983138205e-09,1.02
832.0,1.020000003643421,0.9747174054249189,-3.568973339085346e-09,1.02
833.0,1.0200000035689734,0.9747174061238241,-3.496047229489818e-09,1.02
834.0,1.0200000034960472,0.9747174068084483,-3.4246105951041272e-09,1.02
835.0,1.0200000034246106,0.9747174074790831,-3.3546339039958184e-09,1.02
836.0,1.020000003354634,0.9747174081360145,-3.286086958098622e-09,1.02
837.0,1.020000003286087,0.9747174087795225,-3.2189404475246874e-09,1.02
838.0,1.0200000032189405,0.9747174094098814,-3.1531666166983996e-09,1.02
839.0,1.0200000031531666,0.9747174100273599,-3.088736155731908e-09,1.02
840.0,1.0200000030887362,0.974717410632221,-3.0256221972280173e-09,1.02
841.0,1.0200000030256222,0.9747174112247226,-2.963798095834136e-09,1.02
842.0,1.0200000029637981,0.9747174118051174,-2.903237428242278e-09,1.02
843.0,1.0200000029032374,0.9747174123736528,-2.843914659322877e-09,1.02
844.0,1.0200000028439147,0.9747174129305712,-2.785803809857157e-09,1.02
845.0,1.0200000027858038,0.9747174134761099,-2.728880010849366e-09,1.02
846.0,1.02000000272888,0.974717414010501,-2.6731195035267774e-09,1.02
847.0,1.0200000026731195,0.9747174145339729,-2.618498307072059e-09,1.02
848.0,1.0200000026184983,0.9747174150467482,-2.564993328846299e-09,1.02
849.0,1.0200000025649933,0.9747174155490459,-2.5125816982551896e-09,1.02
850.0,1.0200000025125817,0.97471741604108,-2.4612409887936337e-09,1.02
851.0,1.020000002461241,0.9747174165230601,-2.4109489960011388e-09,1.02
852.0,1.020000002410949,0.9747174169951915,-2.3616848476848418e-09,1.02
853.0,1.0200000023616849,0.9747174174576757,-2.3134276716518798e-09,1.02
854.0,1.0200000023134277,0.9747174179107099,-2.26615615162018e-09,1.02
855.0,1.0200000022661562,0.9747174183544868,-2.219850969709114e-09,1.02
856.0,1.020000002219851,0.9747174187891959,-2.1744916978150286e-09,1.02
857.0,1.0200000021744917,0.9747174192150224,-2.1300592401019003e-09,1.02
858.0,1.0200000021300593,0.9747174196321479,-2.0865349448229153e-09,1.02
859.0,1.020000002086535,0.97471742004075,-2.0438997161420502e-09,1.02
860.0,1.0200000020438997,0.9747174204410028,-2.002135790490911e-09,1.02
861.0,1.0200000020021358,0.9747174208330772,-1.9612251822564986e-09,1.02
862.0,1.0200000019612252,0.9747174212171401,-1.921150349915024e-09,1.02
863.0,1.0200000019211504,0.9747174215933553,-1.881894640121118e-09,1.02
864.0,1.0200000018818947,0.974717421961883,-1.843440955440201e-09,1.02
865.0,1.020000001843441,0.9747174223228805,-1.8057730866161137e-09,1.02
866.0,1.020000001805773,0.9747174226765016,-1.7688746023480917e-09,1.02
867.0,1.0200000017688746,0.9747174230228969,-1.732730403603e-09,1.02
868.0,1.0200000017327304,0.9747174233622141,-1.697324725213889e-09,1.02
869.0,1.0200000016973247,0.9747174236945979,-1.6626422461030188e-09,1.02
870.0,1.0200000016626423,0.9747174240201899,-1.6286687554156742e-09,1.02
871.0,1.0200000016286688,0.974717424339129,-1.5953893761633253e-09,1.02
872.0,1.0200000015953894,0.974717424651551,-1.5627898974912569e-09,1.02
873.0,1.02000000156279,0.9747174249575891,-1.5308565526339635e-09,1.02
874.0,1.0200000015308566,0.9747174252573737,-1.4995760189151497e-09,1.02
875.0,1.020000001499576,0.9747174255510328,-1.468934751613915e-09,1.02
876.0,1.0200000014689348,0.9747174258386916,-1.4389194280539641e-09,1.02
877.0,1.0200000014389194,0.9747174261204724,-1.409517613737421e-09,1.02
878.0,1.0200000014095176,0.9747174263964955,-1.3807162080325952e-09,1.02
879.0,1.0200000013807162,0.9747174266668784,-1.3525029984862158e-09,1.02
880.0,1.020000001352503,0.9747174269317365,-1.3248668828680366e-09,1.02
881.0,1.020000001324867,0.9747174271911826,-1.2977952046355767e-09,1.02
882.0,1.0200000012977952,0.9747174274453273,-1.2712766395139852e-09,1.02
883.0,1.0200000012712767,0.9747174276942788,-1.2452998632284107e-09,1.02
884.0,1.0200000012452999,0.9747174279381434,-1.219853995593212e-09,1.02
885.0,1.020000001219854,0.9747174281770251,-1.1949281564227476e-09,1.02
886.0,1.0200000011949282,0.9747174284110256,-1.1705121316651912e-09,1.02
887.0,1.0200000011705121,0.9747174286402448,-1.1465945970456914e-09,1.02
888.0,1.0200000011465946,0.9747174288647802,-1.1231657826016317e-09,1.02
889.0,1.0200000011231658,0.9747174290847276,-1.1002154742811854e-09,1.02
890.0,1.0200000011002155,0.9747174293001806,-1.0777339021217358e-09,1.02
891.0,1.020000001077734,0.9747174295112311,-1.055712184339086e-09,1.02
892.0,1.0200000010557122,0.9747174297179692,-1.0341401068814093e-09,1.02
893.0,1.0200000010341401,0.9747174299204827,-1.0130087879645089e-09,1.02
894.0,1.0200000010130088,0.9747174301188581,-9.923093458041876e-10,1.02
895.0,1.0200000009923094,0.9747174303131801,-9.720331206608535e-10,1.02
896.0,1.0200000009720331,0.9747174305035315,-9.521712307503094e-10,1.02
897.0,1.0200000009521712,0.9747174306899934,-9.327152383775683e-10,1.02
898.0,1.0200000009327153,0.9747174308726452,-9.136562617584332e-10,1.02
899.0,1.0200000009136563,0.9747174310515646,-8.949869734209415e-10,1.02
900.0,1.020000000894987,0.9747174312268281,-8.766993797593159e-10,1.02
901.0,1.0200000008766994,0.9747174313985104,-8.587852651231742e-10,1.02
902.0,1.0200000008587853,0.9747174315666847,-8.412377461297638e-10,1.02
903.0,1.0200000008412378,0.9747174317314227,-8.240483850840974e-10,1.02
904.0,1.0200000008240484,0.9747174318927945,-8.072100765588175e-10,1.02
905.0,1.02000000080721,0.9747174320508688,-7.907159371711714e-10,1.02
906.0,1.020000000790716,0.9747174322057132,-7.745586394491966e-10,1.02
907.0,1.0200000007745587,0.9747174323573935,-7.587317440993502e-10,1.02
908.0,1.0200000007587318,0.9747174325059745,-7.432285897834845e-10,1.02
909.0,1.0200000007432286,0.9747174326515197,-7.280422931188468e-10,1.02
910.0,1.0200000007280423,0.9747174327940908,-7.131659707226845e-10,1.02
911.0,1.020000000713166,0.9747174329337488,-6.985931833014547e-10,1.02
912.0,1.0200000006985932,0.9747174330705529,-6.843186017846392e-10,1.02
913.0,1.0200000006843186,0.9747174332045617,-6.703355648340903e-10,1.02
914.0,1.0200000006703356,0.9747174333358322,-6.56638077245475e-10,1.02
915.0,1.020000000656638,0.9747174334644203,-6.432205879036701e-10,1.02
916.0,1.0200000006432206,0.9747174335903809,-6.300775456935526e-10,1.02
917.0,1.0200000006300776,0.9747174337137678,-6.172025113215795e-10,1.02
918.0,1.0200000006172025,0.9747174338346333,-6.045908218510476e-10,1.02
919.0,1.0200000006045908,0.9747174339530291,-5.922369261668337e-10,1.02
920.0,1.020000000592237,0.9747174340690057,-5.801354951984194e-10,1.02
921.0,1.0200000005801355,0.9747174341826125,-5.682814219198917e-10,1.02
922.0,1.0200000005682814,0.974717434293898,-5.566698213499421e-10,1.02
923.0,1.0200000005566698,0.9747174344029096,-5.452953644180525e-10,1.02
924.0,1.0200000005452954,0.9747174345096938,-5.341531661429144e-10,1.02
925.0,1.0200000005341532,0.974717434614296,-5.232385635878245e-10,1.02
926.0,1.0200000005232386,0.9747174347167609,-5.125464497268695e-10,1.02
927.0,1.0200000005125465,0.9747174348171318,-5.020734938909754e-10,1.02
928.0,1.0200000005020735,0.9747174349154519,-4.918145890542291e-10,1.02
929.0,1.0200000004918146,0.974717435011763,-4.817648502353222e-10,1.02
930.0,1.0200000004817649,0.974717435106106,-4.71920280631366e-10,1.02
931.0,1.0200000004719203,0.9747174351985212,-4.622773275286818e-10,1.02
932.0,1.0200000004622773,0.9747174352890481,-4.5283155003517095e-10,1.02
933.0,1.0200000004528316,0.9747174353777253,-4.4357850725873504e-10,1.02
934.0,1.0200000004435785,0.9747174354645903,-4.3451464648569527e-10,1.02
935.0,1.0200000004345147,0.9747174355496805,-4.2563597091316296e-10,1.02
936.0,1.020000000425636,0.974717435633032,-4.1693892782745934e-10,1.02
937.0,1.020000000416939,0.9747174357146804,-4.084192983810908e-10,1.02
938.0,1.0200000004084193,0.9747174357946603,-4.0007397394958844e-10,1.02
939.0,1.020000000400074,0.974717435873006,-3.918991797746685e-10,1.02
940.0,1.0200000003918992,0.9747174359497509,-3.8389136314265215e-10,1.02
941.0,1.0200000003838914,0.9747174360249276,-3.7604719338446557e-10,1.02
942.0,1.0200000003760472,0.9747174360985681,-3.6836311778642994e-10,1.02
943.0,1.0200000003683631,0.9747174361707039,-3.6083647181328615e-10,1.02
944.0,1.0200000003608365,0.9747174362413659,-3.5346303661754064e-10,1.02
945.0,1.020000000353463,0.9747174363105837,-3.462401476639343e-10,1.02
946.0,1.0200000003462402,0.9747174363783871,-3.3916536246181295e-10,1.02
947.0,1.0200000003391654,0.9747174364448052,-3.322351282974978e-10,1.02
948.0,1.0200000003322351,0.9747174365098663,-3.2544678063572974e-10,1.02
949.0,1.0200000003254468,0.974717436573598,-3.187969888074349e-10,1.02
950.0,1.020000000318797,0.9747174366360275,-3.1228286623274926e-10,1.02
951.0,1.0200000003122829,0.9747174366971812,-3.059015263318088e-10,1.02
952.0,1.0200000003059015,0.9747174367570852,-2.996507486585642e-10,1.02
953.0,1.0200000002996508,0.9747174368157653,-2.935278686777565e-10,1.02
954.0,1.0200000002935279,0.9747174368732463,-2.8753022185412647e-10,1.02
955.0,1.0200000002875302,0.9747174369295528,-2.816546995632052e-10,1.02
956.0,1.0200000002816547,0.9747174369847087,-2.758993034035484e-10,1.02
957.0,1.0200000002758993,0.9747174370387375,-2.7026159088450186e-10,1.02
958.0,1.0200000002702616,0.9747174370916623,-2.647388974708065e-10,1.02
959.0,1.020000000264739,0.9747174371435054,-2.5932944680562287e-10,1.02
960.0,1.0200000002593295,0.9747174371942894,-2.5403079639829684e-10,1.02
961.0,1.0200000002540308,0.9747174372440358,-2.488400596689644e-10,1.02
962.0,1.02000000024884,0.9747174372927656,-2.437554602607861e-10,1.02
963.0,1.0200000002437555,0.9747174373404998,-2.387747777277127e-10,1.02
964.0,1.0200000002387748,0.9747174373872586,-2.3389601366829993e-10,1.02
965.0,1.020000000233896,0.974717437433062,-2.2911650354728863e-10,1.02
966.0,1.0200000002291165,0.9747174374779295,-2.2443491509704927e-10,1.02
967.0,1.020000000224435,0.9747174375218801,-2.198490278715326e-10,1.02
968.0,1.020000000219849,0.9747174375649328,-2.1535662142468937e-10,1.02
969.0,1.0200000002153566,0.9747174376071056,-2.109561414442851e-10,1.02
970.0,1.0200000002109562,0.9747174376484168,-2.0664558952887546e-10,1.02
971.0,1.0200000002066456,0.9747174376888839,-2.0242318932162107e-10,1.02
972.0,1.0200000002024232,0.974717437728524,-1.9828694242107758e-10,1.02
973.0,1.020000000198287,0.9747174377673542,-1.9423573860422039e-10,1.02
974.0,1.0200000001942358,0.9747174378053911,-1.9026669129118545e-10,1.02
975.0,1.0200000001902667,0.9747174378426506,-1.8637891230355308e-10,1.02
976.0,1.020000000186379,0.9747174378791488,-1.8257018119527402e-10,1.02
977.0,1.0200000001825702,0.9747174379149011,-1.7883938774332364e-10,1.02
978.0,1.0200000001788394,0.9747174379499227,-1.7518497763546748e-10,1.02
979.0,1.020000000175185,0.9747174379842288,-1.7160517451486612e-10,1.02
980.0,1.0200000001716052,0.9747174380178338,-1.6809864611389003e-10,1.02
981.0,1.0200000001680987,0.9747174380507523,-1.6466383812030472e-10,1.02
982.0,1.0200000001646639,0.974717438082998,-1.6129964031108557e-10,1.02
983.0,1.0200000001612997,0.9747174381145852,-1.5800383224018333e-10,1.02
984.0,1.0200000001580039,0.9747174381455268,-1.5477530368457337e-10,1.02
985.0,1.0200000001547753,0.9747174381758361,-1.5161250033202123e-10,1.02
986.0,1.0200000001516125,0.974717438205526,-1.485145340041072e-10,1.02
987.0,1.0200000001485146,0.9747174382346093,-1.454798503885968e-10,1.02
988.0,1.0200000001454799,0.9747174382630983,-1.4250711721786047e-10,1.02
989.0,1.0200000001425071,0.9747174382910052,-1.3959544631347853e-10,1.02
990.0,1.0200000001395955,0.974717438318342,-1.3674350540782143e-10,1.02
991.0,1.0200000001367435,0.9747174383451203,-1.3394929609944484e-10,1.02
992.0,1.0200000001339493,0.9747174383713513,-1.3121215225453398e-10,1.02
993.0,1.0200000001312122,0.9747174383970463,-1.2853096365006422e-10,1.02
994.0,1.020000000128531,0.9747174384222163,-1.2590462006301095e-10,1.02
995.0,1.0200000001259046,0.974717438446872,-1.2333178922574461e-10,1.02
996.0,1.0200000001233318,0.9747174384710238,-1.208115829598455e-10,1.02
997.0,1.0200000001208116,0.9747174384946821,-1.1834311308689394e-10,1.02
998.0,1.0200000001183431,0.974717438517857,-1.1592504733926035e-10,1.02
999.0,1.020000000115925,0.9747174385405584,-1.1355627549392011e-10,1.02
1000.0,1.0200000001135563,0.9747174385627959,,
